CREATE TABLE S_СЛУЖАЩИЕ (
                            ИД varchar (20) NOT NULL ,
                            ТАБЕЛЬНЫЙ_НОМЕР varchar (20) NOT NULL UNIQUE ,
                            ЛАБОРАТОРИЯ_ИД varchar (20) NOT NULL ,
                            СПЕЦИАЛЬНОСТЬ_ИД varchar (20) NOT NULL ,
                            ФАМИЛИЯ varchar (50) NOT NULL ,
                            ИМЯ varchar (20) NOT NULL ,
                            ОТЧЕСТВО varchar (50),
                            ПОЛ varchar (1) NOT NULL ,
                            ДЕНЬ_РОЖДЕНИЯ DATE NOT NULL ,
                            СЕМ_ПОЛОЖЕНИЕ varchar (1) DEFAULT 0 NOT NULL ,
                            ТЕЛЕФОН varchar (20),
                            АДРЕС varchar (100),
                            ОКЛАД decimal(10,2) NOT NULL,
                            CONSTRAINT PK_СЛУЖАЩИЙ_ИД PRIMARY KEY (ИД)
);
CREATE TABLE S_СПЕЦИАЛЬНОСТИ (
                                 ИД varchar (20) NOT NULL ,
                                 НАИМЕНОВАНИЕ varchar (50) NOT NULL ,
                                 ДАТА_ОТКРЫТИЯ DATE,
                                 ДАТА_ЗАКРЫТИЯ DATE,
                                 CONSTRAINT PK_СПЕЦИАЛЬНОСТЬ_ИД PRIMARY KEY (ИД)
);
CREATE TABLE S_ЛАБОРАТОРИИ (
                               ИД varchar (20) NOT NULL ,
                               РУКОВОДИТЕЛЬ_ИД varchar (20) NOT NULL ,
                               НАИМЕНОВАНИЕ varchar (50) NOT NULL ,
                               ДАТА_ОТКРЫТИЯ DATE,
                               ДАТА_ЗАКРЫТИЯ DATE,
                               CONSTRAINT PK_ЛАБОРАТОРИЯ_ИД PRIMARY KEY (ИД)
);


CREATE TABLE S_ДЕТИ_СОТРУДНИКОВ (
                                    СЛУЖАЩИЙ_ИД varchar (20) NOT NULL ,
                                    ФАМИЛИЯ varchar (50) NOT NULL ,
                                    ИМЯ varchar (20) NOT NULL ,
                                    ОТЧЕСТВО varchar (50),
                                    ДЕНЬ_РОЖДЕНИЯ DATE
);

CREATE TABLE S_ПРЕМИИ (
                          СЛУЖАЩИЙ_ИД varchar (20) NOT NULL ,
                          НОМЕР_ПРИКАЗА varchar (20) NOT NULL ,
                          ДАТА_ПРИКАЗА DATE,
                          РАЗМЕР decimal(10,2)
);


INSERT INTO S_ЛАБОРАТОРИИ ("ИД","НАИМЕНОВАНИЕ","РУКОВОДИТЕЛЬ_ИД","ДАТА_ОТКРЫТИЯ","ДАТА_ЗАКРЫТИЯ") VALUES ('2','физическая','13','1906-10-05','1918-05-10');
INSERT INTO S_ЛАБОРАТОРИИ ("ИД","НАИМЕНОВАНИЕ","РУКОВОДИТЕЛЬ_ИД","ДАТА_ОТКРЫТИЯ","ДАТА_ЗАКРЫТИЯ") VALUES ('123','отдел сбыта','90','1906-10-05',NULL);
INSERT INTO S_ЛАБОРАТОРИИ ("ИД","НАИМЕНОВАНИЕ","РУКОВОДИТЕЛЬ_ИД","ДАТА_ОТКРЫТИЯ","ДАТА_ЗАКРЫТИЯ") VALUES ('222','плановая','110','1906-10-05','1920-07-01');
INSERT INTO S_ЛАБОРАТОРИИ ("ИД","НАИМЕНОВАНИЕ","РУКОВОДИТЕЛЬ_ИД","ДАТА_ОТКРЫТИЯ","ДАТА_ЗАКРЫТИЯ") VALUES ('150','строительная','20003','1906-10-05',NULL);
INSERT INTO S_ЛАБОРАТОРИИ ("ИД","НАИМЕНОВАНИЕ","РУКОВОДИТЕЛЬ_ИД","ДАТА_ОТКРЫТИЯ","ДАТА_ЗАКРЫТИЯ") VALUES ('162','зоологическая','330','1906-10-05',NULL);
INSERT INTO S_ЛАБОРАТОРИИ ("ИД","НАИМЕНОВАНИЕ","РУКОВОДИТЕЛЬ_ИД","ДАТА_ОТКРЫТИЯ","ДАТА_ЗАКРЫТИЯ") VALUES ('160','сверхсекретная','100','1906-10-05',NULL);
INSERT INTO S_ЛАБОРАТОРИИ ("ИД","НАИМЕНОВАНИЕ","РУКОВОДИТЕЛЬ_ИД","ДАТА_ОТКРЫТИЯ","ДАТА_ЗАКРЫТИЯ") VALUES ('158','слесарная','84','1906-10-05',NULL);
INSERT INTO S_ЛАБОРАТОРИИ ("ИД","НАИМЕНОВАНИЕ","РУКОВОДИТЕЛЬ_ИД","ДАТА_ОТКРЫТИЯ","ДАТА_ЗАКРЫТИЯ") VALUES ('157','литейная','35','1906-10-05',NULL);
INSERT INTO S_ЛАБОРАТОРИИ ("ИД","НАИМЕНОВАНИЕ","РУКОВОДИТЕЛЬ_ИД","ДАТА_ОТКРЫТИЯ","ДАТА_ЗАКРЫТИЯ") VALUES ('159','математики','567','1906-10-05',NULL);
INSERT INTO S_ЛАБОРАТОРИИ ("ИД","НАИМЕНОВАНИЕ","РУКОВОДИТЕЛЬ_ИД","ДАТА_ОТКРЫТИЯ","ДАТА_ЗАКРЫТИЯ") VALUES ('5','почвенная','46','1906-10-05',NULL);
INSERT INTO S_ЛАБОРАТОРИИ ("ИД","НАИМЕНОВАНИЕ","РУКОВОДИТЕЛЬ_ИД","ДАТА_ОТКРЫТИЯ","ДАТА_ЗАКРЫТИЯ") VALUES ('7','биохимическая','48','1906-10-05','1915-01-01');
INSERT INTO S_ЛАБОРАТОРИИ ("ИД","НАИМЕНОВАНИЕ","РУКОВОДИТЕЛЬ_ИД","ДАТА_ОТКРЫТИЯ","ДАТА_ЗАКРЫТИЯ") VALUES ('130','выч. техники','1','1906-10-05',NULL);
INSERT INTO S_ЛАБОРАТОРИИ ("ИД","НАИМЕНОВАНИЕ","РУКОВОДИТЕЛЬ_ИД","ДАТА_ОТКРЫТИЯ","ДАТА_ЗАКРЫТИЯ") VALUES ('145','геологическая','10002','1906-10-05',NULL);
INSERT INTO S_ЛАБОРАТОРИИ ("ИД","НАИМЕНОВАНИЕ","РУКОВОДИТЕЛЬ_ИД","ДАТА_ОТКРЫТИЯ","ДАТА_ЗАКРЫТИЯ") VALUES ('100','Отдел мелиорации','12400','1906-10-05',NULL);
INSERT INTO S_ЛАБОРАТОРИИ ("ИД","НАИМЕНОВАНИЕ","РУКОВОДИТЕЛЬ_ИД","ДАТА_ОТКРЫТИЯ","ДАТА_ЗАКРЫТИЯ") VALUES ('111','экономическая','20003','1906-10-05',NULL);
INSERT INTO S_ЛАБОРАТОРИИ ("ИД","НАИМЕНОВАНИЕ","РУКОВОДИТЕЛЬ_ИД","ДАТА_ОТКРЫТИЯ","ДАТА_ЗАКРЫТИЯ") VALUES ('8','геодезии','20007','1906-10-05','1919-05-01');
INSERT INTO S_ЛАБОРАТОРИИ ("ИД","НАИМЕНОВАНИЕ","РУКОВОДИТЕЛЬ_ИД","ДАТА_ОТКРЫТИЯ","ДАТА_ЗАКРЫТИЯ") VALUES ('1','комплексный отдел','10005','1906-10-05',NULL);
INSERT INTO S_ЛАБОРАТОРИИ ("ИД","НАИМЕНОВАНИЕ","РУКОВОДИТЕЛЬ_ИД","ДАТА_ОТКРЫТИЯ","ДАТА_ЗАКРЫТИЯ") VALUES ('3','социологии','10002','1906-10-05',NULL);

INSERT INTO S_СЛУЖАЩИЕ ("ИД","ТАБЕЛЬНЫЙ_НОМЕР","ФАМИЛИЯ","ИМЯ","ОТЧЕСТВО","ПОЛ","СЕМ_ПОЛОЖЕНИЕ","ЛАБОРАТОРИЯ_ИД","ТЕЛЕФОН","СПЕЦИАЛЬНОСТЬ_ИД","ОКЛАД","ДЕНЬ_РОЖДЕНИЯ","АДРЕС") VALUES ('1','1','Иванов','Иван','Иванович','М','1','1','351330','345','7541900','1963-08-23',NULL);
INSERT INTO S_СЛУЖАЩИЕ ("ИД","ТАБЕЛЬНЫЙ_НОМЕР","ФАМИЛИЯ","ИМЯ","ОТЧЕСТВО","ПОЛ","СЕМ_ПОЛОЖЕНИЕ","ЛАБОРАТОРИЯ_ИД","ТЕЛЕФОН","СПЕЦИАЛЬНОСТЬ_ИД","ОКЛАД","ДЕНЬ_РОЖДЕНИЯ","АДРЕС") VALUES ('2','2','Петров','Иван','Иванович','М','1','2','343456','345','6424580','1975-10-16',NULL);
INSERT INTO S_СЛУЖАЩИЕ ("ИД","ТАБЕЛЬНЫЙ_НОМЕР","ФАМИЛИЯ","ИМЯ","ОТЧЕСТВО","ПОЛ","СЕМ_ПОЛОЖЕНИЕ","ЛАБОРАТОРИЯ_ИД","ТЕЛЕФОН","СПЕЦИАЛЬНОСТЬ_ИД","ОКЛАД","ДЕНЬ_РОЖДЕНИЯ","АДРЕС") VALUES ('3','3','Федоров','Иван','Иванович','М','1','1','223476','452','5865920','1965-09-28',NULL);
INSERT INTO S_СЛУЖАЩИЕ ("ИД","ТАБЕЛЬНЫЙ_НОМЕР","ФАМИЛИЯ","ИМЯ","ОТЧЕСТВО","ПОЛ","СЕМ_ПОЛОЖЕНИЕ","ЛАБОРАТОРИЯ_ИД","ТЕЛЕФОН","СПЕЦИАЛЬНОСТЬ_ИД","ОКЛАД","ДЕНЬ_РОЖДЕНИЯ","АДРЕС") VALUES ('4','4','Андрющенко','Иван','Иванович','М','0','5','123654','111','5586600','1955-01-25',NULL);
INSERT INTO S_СЛУЖАЩИЕ ("ИД","ТАБЕЛЬНЫЙ_НОМЕР","ФАМИЛИЯ","ИМЯ","ОТЧЕСТВО","ПОЛ","СЕМ_ПОЛОЖЕНИЕ","ЛАБОРАТОРИЯ_ИД","ТЕЛЕФОН","СПЕЦИАЛЬНОСТЬ_ИД","ОКЛАД","ДЕНЬ_РОЖДЕНИЯ","АДРЕС") VALUES ('5','5','Присягина','Светлана','Ивановна','Ж','1','1','140962','345','5027940','1979-03-10',NULL);
INSERT INTO S_СЛУЖАЩИЕ ("ИД","ТАБЕЛЬНЫЙ_НОМЕР","ФАМИЛИЯ","ИМЯ","ОТЧЕСТВО","ПОЛ","СЕМ_ПОЛОЖЕНИЕ","ЛАБОРАТОРИЯ_ИД","ТЕЛЕФОН","СПЕЦИАЛЬНОСТЬ_ИД","ОКЛАД","ДЕНЬ_РОЖДЕНИЯ","АДРЕС") VALUES ('6','6','Мармышкина','Светлана','Ивановна','Ж','1','5','435261','111','11173180','1966-10-18',NULL);
INSERT INTO S_СЛУЖАЩИЕ ("ИД","ТАБЕЛЬНЫЙ_НОМЕР","ФАМИЛИЯ","ИМЯ","ОТЧЕСТВО","ПОЛ","СЕМ_ПОЛОЖЕНИЕ","ЛАБОРАТОРИЯ_ИД","ТЕЛЕФОН","СПЕЦИАЛЬНОСТЬ_ИД","ОКЛАД","ДЕНЬ_РОЖДЕНИЯ","АДРЕС") VALUES ('7','7','Долгих','Иван','Иванович','М','1','160','456521','121','6508380','1959-10-03',NULL);
INSERT INTO S_СЛУЖАЩИЕ ("ИД","ТАБЕЛЬНЫЙ_НОМЕР","ФАМИЛИЯ","ИМЯ","ОТЧЕСТВО","ПОЛ","СЕМ_ПОЛОЖЕНИЕ","ЛАБОРАТОРИЯ_ИД","ТЕЛЕФОН","СПЕЦИАЛЬНОСТЬ_ИД","ОКЛАД","ДЕНЬ_РОЖДЕНИЯ","АДРЕС") VALUES ('8','8','Петровских','Иван','Иванович','М','1','2','456215','452','6703920','1978-06-07',NULL);
INSERT INTO S_СЛУЖАЩИЕ ("ИД","ТАБЕЛЬНЫЙ_НОМЕР","ФАМИЛИЯ","ИМЯ","ОТЧЕСТВО","ПОЛ","СЕМ_ПОЛОЖЕНИЕ","ЛАБОРАТОРИЯ_ИД","ТЕЛЕФОН","СПЕЦИАЛЬНОСТЬ_ИД","ОКЛАД","ДЕНЬ_РОЖДЕНИЯ","АДРЕС") VALUES ('10','10','Дайнеко','Иван','Иванович','М','0','2','234567','345','4050280','1982-05-08',NULL);
INSERT INTO S_СЛУЖАЩИЕ ("ИД","ТАБЕЛЬНЫЙ_НОМЕР","ФАМИЛИЯ","ИМЯ","ОТЧЕСТВО","ПОЛ","СЕМ_ПОЛОЖЕНИЕ","ЛАБОРАТОРИЯ_ИД","ТЕЛЕФОН","СПЕЦИАЛЬНОСТЬ_ИД","ОКЛАД","ДЕНЬ_РОЖДЕНИЯ","АДРЕС") VALUES ('13','13','Мамаева','Светлана','Ивановна','Ж','0','2',NULL,'452','4050280','1976-03-31',NULL);
INSERT INTO S_СЛУЖАЩИЕ ("ИД","ТАБЕЛЬНЫЙ_НОМЕР","ФАМИЛИЯ","ИМЯ","ОТЧЕСТВО","ПОЛ","СЕМ_ПОЛОЖЕНИЕ","ЛАБОРАТОРИЯ_ИД","ТЕЛЕФОН","СПЕЦИАЛЬНОСТЬ_ИД","ОКЛАД","ДЕНЬ_РОЖДЕНИЯ","АДРЕС") VALUES ('18','18','Жереновский','Иван','Иванович','М','1','150','432377','310','5027940','1931-11-06',NULL);
INSERT INTO S_СЛУЖАЩИЕ ("ИД","ТАБЕЛЬНЫЙ_НОМЕР","ФАМИЛИЯ","ИМЯ","ОТЧЕСТВО","ПОЛ","СЕМ_ПОЛОЖЕНИЕ","ЛАБОРАТОРИЯ_ИД","ТЕЛЕФОН","СПЕЦИАЛЬНОСТЬ_ИД","ОКЛАД","ДЕНЬ_РОЖДЕНИЯ","АДРЕС") VALUES ('21','21','Макаренко','Иван','Иванович','М','0','123','657898','98','7821220','1965-01-28',NULL);
INSERT INTO S_СЛУЖАЩИЕ ("ИД","ТАБЕЛЬНЫЙ_НОМЕР","ФАМИЛИЯ","ИМЯ","ОТЧЕСТВО","ПОЛ","СЕМ_ПОЛОЖЕНИЕ","ЛАБОРАТОРИЯ_ИД","ТЕЛЕФОН","СПЕЦИАЛЬНОСТЬ_ИД","ОКЛАД","ДЕНЬ_РОЖДЕНИЯ","АДРЕС") VALUES ('22','22','Левицкий','Иван','Иванович','М','1','123','233768','98','6284920','1976-04-08',NULL);
INSERT INTO S_СЛУЖАЩИЕ ("ИД","ТАБЕЛЬНЫЙ_НОМЕР","ФАМИЛИЯ","ИМЯ","ОТЧЕСТВО","ПОЛ","СЕМ_ПОЛОЖЕНИЕ","ЛАБОРАТОРИЯ_ИД","ТЕЛЕФОН","СПЕЦИАЛЬНОСТЬ_ИД","ОКЛАД","ДЕНЬ_РОЖДЕНИЯ","АДРЕС") VALUES ('23','23','Мочалова','Светлана','Ивановна','Ж','1','123','349067','98','5307260','1972-07-20',NULL);
INSERT INTO S_СЛУЖАЩИЕ ("ИД","ТАБЕЛЬНЫЙ_НОМЕР","ФАМИЛИЯ","ИМЯ","ОТЧЕСТВО","ПОЛ","СЕМ_ПОЛОЖЕНИЕ","ЛАБОРАТОРИЯ_ИД","ТЕЛЕФОН","СПЕЦИАЛЬНОСТЬ_ИД","ОКЛАД","ДЕНЬ_РОЖДЕНИЯ","АДРЕС") VALUES ('26','26','Яблочков','Иван','Иванович','М','1','3',NULL,'666','6145260','1959-04-07',NULL);
INSERT INTO S_СЛУЖАЩИЕ ("ИД","ТАБЕЛЬНЫЙ_НОМЕР","ФАМИЛИЯ","ИМЯ","ОТЧЕСТВО","ПОЛ","СЕМ_ПОЛОЖЕНИЕ","ЛАБОРАТОРИЯ_ИД","ТЕЛЕФОН","СПЕЦИАЛЬНОСТЬ_ИД","ОКЛАД","ДЕНЬ_РОЖДЕНИЯ","АДРЕС") VALUES ('29','29','Черномырдин','Иван','Иванович','М','0','3','234567','310','6145260','1979-06-07',NULL);
INSERT INTO S_СЛУЖАЩИЕ ("ИД","ТАБЕЛЬНЫЙ_НОМЕР","ФАМИЛИЯ","ИМЯ","ОТЧЕСТВО","ПОЛ","СЕМ_ПОЛОЖЕНИЕ","ЛАБОРАТОРИЯ_ИД","ТЕЛЕФОН","СПЕЦИАЛЬНОСТЬ_ИД","ОКЛАД","ДЕНЬ_РОЖДЕНИЯ","АДРЕС") VALUES ('30','30','Тюменцева','Светлана','Ивановна','Ж','1','3','568654','666','3491620','1970-06-30',NULL);
INSERT INTO S_СЛУЖАЩИЕ ("ИД","ТАБЕЛЬНЫЙ_НОМЕР","ФАМИЛИЯ","ИМЯ","ОТЧЕСТВО","ПОЛ","СЕМ_ПОЛОЖЕНИЕ","ЛАБОРАТОРИЯ_ИД","ТЕЛЕФОН","СПЕЦИАЛЬНОСТЬ_ИД","ОКЛАД","ДЕНЬ_РОЖДЕНИЯ","АДРЕС") VALUES ('35','35','Богданова','Светлана','Ивановна','Ж','0','160','546732','310','8938540','1970-01-14',NULL);
INSERT INTO S_СЛУЖАЩИЕ ("ИД","ТАБЕЛЬНЫЙ_НОМЕР","ФАМИЛИЯ","ИМЯ","ОТЧЕСТВО","ПОЛ","СЕМ_ПОЛОЖЕНИЕ","ЛАБОРАТОРИЯ_ИД","ТЕЛЕФОН","СПЕЦИАЛЬНОСТЬ_ИД","ОКЛАД","ДЕНЬ_РОЖДЕНИЯ","АДРЕС") VALUES ('40','40','Специальная','Иван','Иванович','М','1','150',NULL,'310','8659220','1988-03-10',NULL);
INSERT INTO S_СЛУЖАЩИЕ ("ИД","ТАБЕЛЬНЫЙ_НОМЕР","ФАМИЛИЯ","ИМЯ","ОТЧЕСТВО","ПОЛ","СЕМ_ПОЛОЖЕНИЕ","ЛАБОРАТОРИЯ_ИД","ТЕЛЕФОН","СПЕЦИАЛЬНОСТЬ_ИД","ОКЛАД","ДЕНЬ_РОЖДЕНИЯ","АДРЕС") VALUES ('43','43','Спехова','Светлана','Ивановна','Ж','1','111','565457','6','6983240','1970-05-30',NULL);
INSERT INTO S_СЛУЖАЩИЕ ("ИД","ТАБЕЛЬНЫЙ_НОМЕР","ФАМИЛИЯ","ИМЯ","ОТЧЕСТВО","ПОЛ","СЕМ_ПОЛОЖЕНИЕ","ЛАБОРАТОРИЯ_ИД","ТЕЛЕФОН","СПЕЦИАЛЬНОСТЬ_ИД","ОКЛАД","ДЕНЬ_РОЖДЕНИЯ","АДРЕС") VALUES ('44','44','Полуков','Иван','Иванович','М','1','111','343536','6','6843580','1963-07-01',NULL);
INSERT INTO S_СЛУЖАЩИЕ ("ИД","ТАБЕЛЬНЫЙ_НОМЕР","ФАМИЛИЯ","ИМЯ","ОТЧЕСТВО","ПОЛ","СЕМ_ПОЛОЖЕНИЕ","ЛАБОРАТОРИЯ_ИД","ТЕЛЕФОН","СПЕЦИАЛЬНОСТЬ_ИД","ОКЛАД","ДЕНЬ_РОЖДЕНИЯ","АДРЕС") VALUES ('45','45','Балашев','Иван','Иванович','М','0','160',NULL,'320','8659220','1985-11-28',NULL);
INSERT INTO S_СЛУЖАЩИЕ ("ИД","ТАБЕЛЬНЫЙ_НОМЕР","ФАМИЛИЯ","ИМЯ","ОТЧЕСТВО","ПОЛ","СЕМ_ПОЛОЖЕНИЕ","ЛАБОРАТОРИЯ_ИД","ТЕЛЕФОН","СПЕЦИАЛЬНОСТЬ_ИД","ОКЛАД","ДЕНЬ_РОЖДЕНИЯ","АДРЕС") VALUES ('46','46','Малютина','Светлана','Ивановна','Ж','0','111',NULL,'5','6983240','1965-05-29',NULL);
INSERT INTO S_СЛУЖАЩИЕ ("ИД","ТАБЕЛЬНЫЙ_НОМЕР","ФАМИЛИЯ","ИМЯ","ОТЧЕСТВО","ПОЛ","СЕМ_ПОЛОЖЕНИЕ","ЛАБОРАТОРИЯ_ИД","ТЕЛЕФОН","СПЕЦИАЛЬНОСТЬ_ИД","ОКЛАД","ДЕНЬ_РОЖДЕНИЯ","АДРЕС") VALUES ('47','47','Шветов','Иван','Иванович','М','0','222','363738','7','6424580','1972-06-29',NULL);
INSERT INTO S_СЛУЖАЩИЕ ("ИД","ТАБЕЛЬНЫЙ_НОМЕР","ФАМИЛИЯ","ИМЯ","ОТЧЕСТВО","ПОЛ","СЕМ_ПОЛОЖЕНИЕ","ЛАБОРАТОРИЯ_ИД","ТЕЛЕФОН","СПЕЦИАЛЬНОСТЬ_ИД","ОКЛАД","ДЕНЬ_РОЖДЕНИЯ","АДРЕС") VALUES ('48','48','Михайлова','Светлана','Ивановна','Ж','0','222',NULL,'6','5307260','1972-07-31',NULL);
INSERT INTO S_СЛУЖАЩИЕ ("ИД","ТАБЕЛЬНЫЙ_НОМЕР","ФАМИЛИЯ","ИМЯ","ОТЧЕСТВО","ПОЛ","СЕМ_ПОЛОЖЕНИЕ","ЛАБОРАТОРИЯ_ИД","ТЕЛЕФОН","СПЕЦИАЛЬНОСТЬ_ИД","ОКЛАД","ДЕНЬ_РОЖДЕНИЯ","АДРЕС") VALUES ('50','50','Николаев','Иван','Иванович','М','0','157','240401','100','6536320','1978-09-26',NULL);
INSERT INTO S_СЛУЖАЩИЕ ("ИД","ТАБЕЛЬНЫЙ_НОМЕР","ФАМИЛИЯ","ИМЯ","ОТЧЕСТВО","ПОЛ","СЕМ_ПОЛОЖЕНИЕ","ЛАБОРАТОРИЯ_ИД","ТЕЛЕФОН","СПЕЦИАЛЬНОСТЬ_ИД","ОКЛАД","ДЕНЬ_РОЖДЕНИЯ","АДРЕС") VALUES ('51','51','Семенов','Иван','Иванович','М','1','158','220401','100','8379880','1979-12-28',NULL);
INSERT INTO S_СЛУЖАЩИЕ ("ИД","ТАБЕЛЬНЫЙ_НОМЕР","ФАМИЛИЯ","ИМЯ","ОТЧЕСТВО","ПОЛ","СЕМ_ПОЛОЖЕНИЕ","ЛАБОРАТОРИЯ_ИД","ТЕЛЕФОН","СПЕЦИАЛЬНОСТЬ_ИД","ОКЛАД","ДЕНЬ_РОЖДЕНИЯ","АДРЕС") VALUES ('53','53','Дубина','Светлана','Ивановна','Ж','1','159','450401','100','2793300','1987-09-18',NULL);
INSERT INTO S_СЛУЖАЩИЕ ("ИД","ТАБЕЛЬНЫЙ_НОМЕР","ФАМИЛИЯ","ИМЯ","ОТЧЕСТВО","ПОЛ","СЕМ_ПОЛОЖЕНИЕ","ЛАБОРАТОРИЯ_ИД","ТЕЛЕФОН","СПЕЦИАЛЬНОСТЬ_ИД","ОКЛАД","ДЕНЬ_РОЖДЕНИЯ","АДРЕС") VALUES ('54','54','Кузнецов','Иван','Иванович','М','1','111','222324','7','4888260','1971-06-01',NULL);
INSERT INTO S_СЛУЖАЩИЕ ("ИД","ТАБЕЛЬНЫЙ_НОМЕР","ФАМИЛИЯ","ИМЯ","ОТЧЕСТВО","ПОЛ","СЕМ_ПОЛОЖЕНИЕ","ЛАБОРАТОРИЯ_ИД","ТЕЛЕФОН","СПЕЦИАЛЬНОСТЬ_ИД","ОКЛАД","ДЕНЬ_РОЖДЕНИЯ","АДРЕС") VALUES ('55','55','Панфилова','Светлана','Ивановна','Ж','0','157','350401','102','8379880','1979-10-08',NULL);
INSERT INTO S_СЛУЖАЩИЕ ("ИД","ТАБЕЛЬНЫЙ_НОМЕР","ФАМИЛИЯ","ИМЯ","ОТЧЕСТВО","ПОЛ","СЕМ_ПОЛОЖЕНИЕ","ЛАБОРАТОРИЯ_ИД","ТЕЛЕФОН","СПЕЦИАЛЬНОСТЬ_ИД","ОКЛАД","ДЕНЬ_РОЖДЕНИЯ","АДРЕС") VALUES ('57','57','Куклин','Иван','Иванович','М','1','159','250401','101','8938540','1966-10-28',NULL);
INSERT INTO S_СЛУЖАЩИЕ ("ИД","ТАБЕЛЬНЫЙ_НОМЕР","ФАМИЛИЯ","ИМЯ","ОТЧЕСТВО","ПОЛ","СЕМ_ПОЛОЖЕНИЕ","ЛАБОРАТОРИЯ_ИД","ТЕЛЕФОН","СПЕЦИАЛЬНОСТЬ_ИД","ОКЛАД","ДЕНЬ_РОЖДЕНИЯ","АДРЕС") VALUES ('60','60','Аксаков','Иван','Иванович','М','1','157','250401','102','8938540','1966-10-28',NULL);
INSERT INTO S_СЛУЖАЩИЕ ("ИД","ТАБЕЛЬНЫЙ_НОМЕР","ФАМИЛИЯ","ИМЯ","ОТЧЕСТВО","ПОЛ","СЕМ_ПОЛОЖЕНИЕ","ЛАБОРАТОРИЯ_ИД","ТЕЛЕФОН","СПЕЦИАЛЬНОСТЬ_ИД","ОКЛАД","ДЕНЬ_РОЖДЕНИЯ","АДРЕС") VALUES ('61','61','Кульмяков','Иван','Иванович','М','0','160','015999','320','4189940','1981-10-06',NULL);
INSERT INTO S_СЛУЖАЩИЕ ("ИД","ТАБЕЛЬНЫЙ_НОМЕР","ФАМИЛИЯ","ИМЯ","ОТЧЕСТВО","ПОЛ","СЕМ_ПОЛОЖЕНИЕ","ЛАБОРАТОРИЯ_ИД","ТЕЛЕФОН","СПЕЦИАЛЬНОСТЬ_ИД","ОКЛАД","ДЕНЬ_РОЖДЕНИЯ","АДРЕС") VALUES ('66','66','Семенов','Иван','Иванович','М','0','160',NULL,'310','7262560','1956-09-26',NULL);
INSERT INTO S_СЛУЖАЩИЕ ("ИД","ТАБЕЛЬНЫЙ_НОМЕР","ФАМИЛИЯ","ИМЯ","ОТЧЕСТВО","ПОЛ","СЕМ_ПОЛОЖЕНИЕ","ЛАБОРАТОРИЯ_ИД","ТЕЛЕФОН","СПЕЦИАЛЬНОСТЬ_ИД","ОКЛАД","ДЕНЬ_РОЖДЕНИЯ","АДРЕС") VALUES ('70','70','Мамин','Иван','Иванович','М','0','158','440401','101','3351960','1996-09-27',NULL);
INSERT INTO S_СЛУЖАЩИЕ ("ИД","ТАБЕЛЬНЫЙ_НОМЕР","ФАМИЛИЯ","ИМЯ","ОТЧЕСТВО","ПОЛ","СЕМ_ПОЛОЖЕНИЕ","ЛАБОРАТОРИЯ_ИД","ТЕЛЕФОН","СПЕЦИАЛЬНОСТЬ_ИД","ОКЛАД","ДЕНЬ_РОЖДЕНИЯ","АДРЕС") VALUES ('77','77','Воловик','Иван','Иванович','М','0','160','241424','310','9776540','1974-03-19',NULL);
INSERT INTO S_СЛУЖАЩИЕ ("ИД","ТАБЕЛЬНЫЙ_НОМЕР","ФАМИЛИЯ","ИМЯ","ОТЧЕСТВО","ПОЛ","СЕМ_ПОЛОЖЕНИЕ","ЛАБОРАТОРИЯ_ИД","ТЕЛЕФОН","СПЕЦИАЛЬНОСТЬ_ИД","ОКЛАД","ДЕНЬ_РОЖДЕНИЯ","АДРЕС") VALUES ('80','80','Драйзер','Иван','Иванович','М','1','100','214310','5','4469280','1958-10-14',NULL);
INSERT INTO S_СЛУЖАЩИЕ ("ИД","ТАБЕЛЬНЫЙ_НОМЕР","ФАМИЛИЯ","ИМЯ","ОТЧЕСТВО","ПОЛ","СЕМ_ПОЛОЖЕНИЕ","ЛАБОРАТОРИЯ_ИД","ТЕЛЕФОН","СПЕЦИАЛЬНОСТЬ_ИД","ОКЛАД","ДЕНЬ_РОЖДЕНИЯ","АДРЕС") VALUES ('82','82','Иванова','Светлана','Ивановна','Ж','0','8','331055','8','6983240','1980-12-04',NULL);
INSERT INTO S_СЛУЖАЩИЕ ("ИД","ТАБЕЛЬНЫЙ_НОМЕР","ФАМИЛИЯ","ИМЯ","ОТЧЕСТВО","ПОЛ","СЕМ_ПОЛОЖЕНИЕ","ЛАБОРАТОРИЯ_ИД","ТЕЛЕФОН","СПЕЦИАЛЬНОСТЬ_ИД","ОКЛАД","ДЕНЬ_РОЖДЕНИЯ","АДРЕС") VALUES ('84','84','Милочкин','Иван','Иванович','М','0','7','410908','450','6703920','1983-05-10',NULL);
INSERT INTO S_СЛУЖАЩИЕ ("ИД","ТАБЕЛЬНЫЙ_НОМЕР","ФАМИЛИЯ","ИМЯ","ОТЧЕСТВО","ПОЛ","СЕМ_ПОЛОЖЕНИЕ","ЛАБОРАТОРИЯ_ИД","ТЕЛЕФОН","СПЕЦИАЛЬНОСТЬ_ИД","ОКЛАД","ДЕНЬ_РОЖДЕНИЯ","АДРЕС") VALUES ('85','85','Самгин','Иван','Иванович','М','1','8','420908','80','5586600','1966-10-04',NULL);
INSERT INTO S_СЛУЖАЩИЕ ("ИД","ТАБЕЛЬНЫЙ_НОМЕР","ФАМИЛИЯ","ИМЯ","ОТЧЕСТВО","ПОЛ","СЕМ_ПОЛОЖЕНИЕ","ЛАБОРАТОРИЯ_ИД","ТЕЛЕФОН","СПЕЦИАЛЬНОСТЬ_ИД","ОКЛАД","ДЕНЬ_РОЖДЕНИЯ","АДРЕС") VALUES ('87','87','Попков','Иван','Иванович','М','1','8','336918','125','5307260','1982-03-27',NULL);
INSERT INTO S_СЛУЖАЩИЕ ("ИД","ТАБЕЛЬНЫЙ_НОМЕР","ФАМИЛИЯ","ИМЯ","ОТЧЕСТВО","ПОЛ","СЕМ_ПОЛОЖЕНИЕ","ЛАБОРАТОРИЯ_ИД","ТЕЛЕФОН","СПЕЦИАЛЬНОСТЬ_ИД","ОКЛАД","ДЕНЬ_РОЖДЕНИЯ","АДРЕС") VALUES ('88','88','Маленов','Иван','Иванович','М','0','7','231334','450','8379880','1965-05-05',NULL);
INSERT INTO S_СЛУЖАЩИЕ ("ИД","ТАБЕЛЬНЫЙ_НОМЕР","ФАМИЛИЯ","ИМЯ","ОТЧЕСТВО","ПОЛ","СЕМ_ПОЛОЖЕНИЕ","ЛАБОРАТОРИЯ_ИД","ТЕЛЕФОН","СПЕЦИАЛЬНОСТЬ_ИД","ОКЛАД","ДЕНЬ_РОЖДЕНИЯ","АДРЕС") VALUES ('89','89','Соловьев','Иван','Иванович','М','1','158','240405','102','20111740','1956-10-05',NULL);
INSERT INTO S_СЛУЖАЩИЕ ("ИД","ТАБЕЛЬНЫЙ_НОМЕР","ФАМИЛИЯ","ИМЯ","ОТЧЕСТВО","ПОЛ","СЕМ_ПОЛОЖЕНИЕ","ЛАБОРАТОРИЯ_ИД","ТЕЛЕФОН","СПЕЦИАЛЬНОСТЬ_ИД","ОКЛАД","ДЕНЬ_РОЖДЕНИЯ","АДРЕС") VALUES ('90','90','Петренко','Иван','Иванович','М','1','7','332055','125','5307260','1967-11-20',NULL);
INSERT INTO S_СЛУЖАЩИЕ ("ИД","ТАБЕЛЬНЫЙ_НОМЕР","ФАМИЛИЯ","ИМЯ","ОТЧЕСТВО","ПОЛ","СЕМ_ПОЛОЖЕНИЕ","ЛАБОРАТОРИЯ_ИД","ТЕЛЕФОН","СПЕЦИАЛЬНОСТЬ_ИД","ОКЛАД","ДЕНЬ_РОЖДЕНИЯ","АДРЕС") VALUES ('93','93','Чухломин','Иван','Иванович','М','1','8',NULL,'8','6983240','1978-02-04',NULL);
INSERT INTO S_СЛУЖАЩИЕ ("ИД","ТАБЕЛЬНЫЙ_НОМЕР","ФАМИЛИЯ","ИМЯ","ОТЧЕСТВО","ПОЛ","СЕМ_ПОЛОЖЕНИЕ","ЛАБОРАТОРИЯ_ИД","ТЕЛЕФОН","СПЕЦИАЛЬНОСТЬ_ИД","ОКЛАД","ДЕНЬ_РОЖДЕНИЯ","АДРЕС") VALUES ('96','96','Семенова','Светлана','Ивановна','Ж','0','8',NULL,'80','5321220','1976-02-03',NULL);
INSERT INTO S_СЛУЖАЩИЕ ("ИД","ТАБЕЛЬНЫЙ_НОМЕР","ФАМИЛИЯ","ИМЯ","ОТЧЕСТВО","ПОЛ","СЕМ_ПОЛОЖЕНИЕ","ЛАБОРАТОРИЯ_ИД","ТЕЛЕФОН","СПЕЦИАЛЬНОСТЬ_ИД","ОКЛАД","ДЕНЬ_РОЖДЕНИЯ","АДРЕС") VALUES ('100','100','Гумилев','Иван','Иванович','М','1','159','340405','101','8379880','1978-10-06',NULL);
INSERT INTO S_СЛУЖАЩИЕ ("ИД","ТАБЕЛЬНЫЙ_НОМЕР","ФАМИЛИЯ","ИМЯ","ОТЧЕСТВО","ПОЛ","СЕМ_ПОЛОЖЕНИЕ","ЛАБОРАТОРИЯ_ИД","ТЕЛЕФОН","СПЕЦИАЛЬНОСТЬ_ИД","ОКЛАД","ДЕНЬ_РОЖДЕНИЯ","АДРЕС") VALUES ('110','110','Пикуль','Иван','Иванович','М','1','150','777777','310','7821220','1968-12-07',NULL);
INSERT INTO S_СЛУЖАЩИЕ ("ИД","ТАБЕЛЬНЫЙ_НОМЕР","ФАМИЛИЯ","ИМЯ","ОТЧЕСТВО","ПОЛ","СЕМ_ПОЛОЖЕНИЕ","ЛАБОРАТОРИЯ_ИД","ТЕЛЕФОН","СПЕЦИАЛЬНОСТЬ_ИД","ОКЛАД","ДЕНЬ_РОЖДЕНИЯ","АДРЕС") VALUES ('120','120','Луннев','Иван','Иванович','М','1','150','345645','310','8812840','1965-07-25',NULL);
INSERT INTO S_СЛУЖАЩИЕ ("ИД","ТАБЕЛЬНЫЙ_НОМЕР","ФАМИЛИЯ","ИМЯ","ОТЧЕСТВО","ПОЛ","СЕМ_ПОЛОЖЕНИЕ","ЛАБОРАТОРИЯ_ИД","ТЕЛЕФОН","СПЕЦИАЛЬНОСТЬ_ИД","ОКЛАД","ДЕНЬ_РОЖДЕНИЯ","АДРЕС") VALUES ('123','123','Достоевский','Иван','Иванович','М','1','150',NULL,'320','7067040','1973-09-19',NULL);
INSERT INTO S_СЛУЖАЩИЕ ("ИД","ТАБЕЛЬНЫЙ_НОМЕР","ФАМИЛИЯ","ИМЯ","ОТЧЕСТВО","ПОЛ","СЕМ_ПОЛОЖЕНИЕ","ЛАБОРАТОРИЯ_ИД","ТЕЛЕФОН","СПЕЦИАЛЬНОСТЬ_ИД","ОКЛАД","ДЕНЬ_РОЖДЕНИЯ","АДРЕС") VALUES ('135','135','Симанчев','Иван','Иванович','М','0','160','564389','320','6444140','1987-09-12',NULL);
INSERT INTO S_СЛУЖАЩИЕ ("ИД","ТАБЕЛЬНЫЙ_НОМЕР","ФАМИЛИЯ","ИМЯ","ОТЧЕСТВО","ПОЛ","СЕМ_ПОЛОЖЕНИЕ","ЛАБОРАТОРИЯ_ИД","ТЕЛЕФОН","СПЕЦИАЛЬНОСТЬ_ИД","ОКЛАД","ДЕНЬ_РОЖДЕНИЯ","АДРЕС") VALUES ('220','220','Ширяев','Иван','Иванович','М','1','150','888888','310','8379880','1969-11-06',NULL);
INSERT INTO S_СЛУЖАЩИЕ ("ИД","ТАБЕЛЬНЫЙ_НОМЕР","ФАМИЛИЯ","ИМЯ","ОТЧЕСТВО","ПОЛ","СЕМ_ПОЛОЖЕНИЕ","ЛАБОРАТОРИЯ_ИД","ТЕЛЕФОН","СПЕЦИАЛЬНОСТЬ_ИД","ОКЛАД","ДЕНЬ_РОЖДЕНИЯ","АДРЕС") VALUES ('254','254','Шевелин','Иван','Иванович','М','1','158','650401','101','16759780','1965-12-13',NULL);
INSERT INTO S_СЛУЖАЩИЕ ("ИД","ТАБЕЛЬНЫЙ_НОМЕР","ФАМИЛИЯ","ИМЯ","ОТЧЕСТВО","ПОЛ","СЕМ_ПОЛОЖЕНИЕ","ЛАБОРАТОРИЯ_ИД","ТЕЛЕФОН","СПЕЦИАЛЬНОСТЬ_ИД","ОКЛАД","ДЕНЬ_РОЖДЕНИЯ","АДРЕС") VALUES ('330','330','Смирнова','Светлана','Ивановна','Ж','1','150','999999','310','8938540','1970-10-05',NULL);
INSERT INTO S_СЛУЖАЩИЕ ("ИД","ТАБЕЛЬНЫЙ_НОМЕР","ФАМИЛИЯ","ИМЯ","ОТЧЕСТВО","ПОЛ","СЕМ_ПОЛОЖЕНИЕ","ЛАБОРАТОРИЯ_ИД","ТЕЛЕФОН","СПЕЦИАЛЬНОСТЬ_ИД","ОКЛАД","ДЕНЬ_РОЖДЕНИЯ","АДРЕС") VALUES ('345','345','Толстой','Иван','Иванович','М','1','160','212345','320','5586600','1965-02-17',NULL);
INSERT INTO S_СЛУЖАЩИЕ ("ИД","ТАБЕЛЬНЫЙ_НОМЕР","ФАМИЛИЯ","ИМЯ","ОТЧЕСТВО","ПОЛ","СЕМ_ПОЛОЖЕНИЕ","ЛАБОРАТОРИЯ_ИД","ТЕЛЕФОН","СПЕЦИАЛЬНОСТЬ_ИД","ОКЛАД","ДЕНЬ_РОЖДЕНИЯ","АДРЕС") VALUES ('350','350','Коволева','Светлана','Ивановна','Ж','1','150','453276','310','12569840','1979-04-10',NULL);
INSERT INTO S_СЛУЖАЩИЕ ("ИД","ТАБЕЛЬНЫЙ_НОМЕР","ФАМИЛИЯ","ИМЯ","ОТЧЕСТВО","ПОЛ","СЕМ_ПОЛОЖЕНИЕ","ЛАБОРАТОРИЯ_ИД","ТЕЛЕФОН","СПЕЦИАЛЬНОСТЬ_ИД","ОКЛАД","ДЕНЬ_РОЖДЕНИЯ","АДРЕС") VALUES ('440','440','Лежнева','Светлана','Ивановна','Ж','1','150','111111','310','9497200','1971-09-04',NULL);
INSERT INTO S_СЛУЖАЩИЕ ("ИД","ТАБЕЛЬНЫЙ_НОМЕР","ФАМИЛИЯ","ИМЯ","ОТЧЕСТВО","ПОЛ","СЕМ_ПОЛОЖЕНИЕ","ЛАБОРАТОРИЯ_ИД","ТЕЛЕФОН","СПЕЦИАЛЬНОСТЬ_ИД","ОКЛАД","ДЕНЬ_РОЖДЕНИЯ","АДРЕС") VALUES ('456','456','Ткачева','Светлана','Ивановна','Ж','1','150','653478','320','12569840','1980-05-18',NULL);
INSERT INTO S_СЛУЖАЩИЕ ("ИД","ТАБЕЛЬНЫЙ_НОМЕР","ФАМИЛИЯ","ИМЯ","ОТЧЕСТВО","ПОЛ","СЕМ_ПОЛОЖЕНИЕ","ЛАБОРАТОРИЯ_ИД","ТЕЛЕФОН","СПЕЦИАЛЬНОСТЬ_ИД","ОКЛАД","ДЕНЬ_РОЖДЕНИЯ","АДРЕС") VALUES ('550','550','Бердяев','Иван','Иванович','М','1','150','222222','310','10055860','1972-08-03',NULL);
INSERT INTO S_СЛУЖАЩИЕ ("ИД","ТАБЕЛЬНЫЙ_НОМЕР","ФАМИЛИЯ","ИМЯ","ОТЧЕСТВО","ПОЛ","СЕМ_ПОЛОЖЕНИЕ","ЛАБОРАТОРИЯ_ИД","ТЕЛЕФОН","СПЕЦИАЛЬНОСТЬ_ИД","ОКЛАД","ДЕНЬ_РОЖДЕНИЯ","АДРЕС") VALUES ('567','567','Левицкая','Иван','Иванович','М','0','160',NULL,'320','4608940','1976-04-18',NULL);
INSERT INTO S_СЛУЖАЩИЕ ("ИД","ТАБЕЛЬНЫЙ_НОМЕР","ФАМИЛИЯ","ИМЯ","ОТЧЕСТВО","ПОЛ","СЕМ_ПОЛОЖЕНИЕ","ЛАБОРАТОРИЯ_ИД","ТЕЛЕФОН","СПЕЦИАЛЬНОСТЬ_ИД","ОКЛАД","ДЕНЬ_РОЖДЕНИЯ","АДРЕС") VALUES ('660','660','Цветаева','Светлана','Ивановна','Ж','1','160','333333','320','10055860','1972-07-02',NULL);
INSERT INTO S_СЛУЖАЩИЕ ("ИД","ТАБЕЛЬНЫЙ_НОМЕР","ФАМИЛИЯ","ИМЯ","ОТЧЕСТВО","ПОЛ","СЕМ_ПОЛОЖЕНИЕ","ЛАБОРАТОРИЯ_ИД","ТЕЛЕФОН","СПЕЦИАЛЬНОСТЬ_ИД","ОКЛАД","ДЕНЬ_РОЖДЕНИЯ","АДРЕС") VALUES ('770','770','Раппопорт','Иван','Иванович','М','0','160','333333','320','10614520','1973-06-01',NULL);
INSERT INTO S_СЛУЖАЩИЕ ("ИД","ТАБЕЛЬНЫЙ_НОМЕР","ФАМИЛИЯ","ИМЯ","ОТЧЕСТВО","ПОЛ","СЕМ_ПОЛОЖЕНИЕ","ЛАБОРАТОРИЯ_ИД","ТЕЛЕФОН","СПЕЦИАЛЬНОСТЬ_ИД","ОКЛАД","ДЕНЬ_РОЖДЕНИЯ","АДРЕС") VALUES ('789','789','Чижова','Светлана','Ивановна','Ж','0','160','111111','320','213680','1977-01-28',NULL);
INSERT INTO S_СЛУЖАЩИЕ ("ИД","ТАБЕЛЬНЫЙ_НОМЕР","ФАМИЛИЯ","ИМЯ","ОТЧЕСТВО","ПОЛ","СЕМ_ПОЛОЖЕНИЕ","ЛАБОРАТОРИЯ_ИД","ТЕЛЕФОН","СПЕЦИАЛЬНОСТЬ_ИД","ОКЛАД","ДЕНЬ_РОЖДЕНИЯ","АДРЕС") VALUES ('876','876','Птичникова','Светлана','Ивановна','Ж','0','160','234567','310','9078220','1960-01-04',NULL);
INSERT INTO S_СЛУЖАЩИЕ ("ИД","ТАБЕЛЬНЫЙ_НОМЕР","ФАМИЛИЯ","ИМЯ","ОТЧЕСТВО","ПОЛ","СЕМ_ПОЛОЖЕНИЕ","ЛАБОРАТОРИЯ_ИД","ТЕЛЕФОН","СПЕЦИАЛЬНОСТЬ_ИД","ОКЛАД","ДЕНЬ_РОЖДЕНИЯ","АДРЕС") VALUES ('880','880','Циринская','Иван','Иванович','М','0','160','444444','320','3072620','1975-04-30',NULL);
INSERT INTO S_СЛУЖАЩИЕ ("ИД","ТАБЕЛЬНЫЙ_НОМЕР","ФАМИЛИЯ","ИМЯ","ОТЧЕСТВО","ПОЛ","СЕМ_ПОЛОЖЕНИЕ","ЛАБОРАТОРИЯ_ИД","ТЕЛЕФОН","СПЕЦИАЛЬНОСТЬ_ИД","ОКЛАД","ДЕНЬ_РОЖДЕНИЯ","АДРЕС") VALUES ('888','888','Артамонов','Иван','Иванович','М','1','160','315369','320','6703920','1972-01-21',NULL);
INSERT INTO S_СЛУЖАЩИЕ ("ИД","ТАБЕЛЬНЫЙ_НОМЕР","ФАМИЛИЯ","ИМЯ","ОТЧЕСТВО","ПОЛ","СЕМ_ПОЛОЖЕНИЕ","ЛАБОРАТОРИЯ_ИД","ТЕЛЕФОН","СПЕЦИАЛЬНОСТЬ_ИД","ОКЛАД","ДЕНЬ_РОЖДЕНИЯ","АДРЕС") VALUES ('990','990','Дегтярева','Светлана','Ивановна','Ж','0','160','555555','320','27940','1976-02-27',NULL);
INSERT INTO S_СЛУЖАЩИЕ ("ИД","ТАБЕЛЬНЫЙ_НОМЕР","ФАМИЛИЯ","ИМЯ","ОТЧЕСТВО","ПОЛ","СЕМ_ПОЛОЖЕНИЕ","ЛАБОРАТОРИЯ_ИД","ТЕЛЕФОН","СПЕЦИАЛЬНОСТЬ_ИД","ОКЛАД","ДЕНЬ_РОЖДЕНИЯ","АДРЕС") VALUES ('999','999','Зверева','Светлана','Ивановна','Ж','1','150',NULL,'320','5307260','1977-09-24',NULL);
INSERT INTO S_СЛУЖАЩИЕ ("ИД","ТАБЕЛЬНЫЙ_НОМЕР","ФАМИЛИЯ","ИМЯ","ОТЧЕСТВО","ПОЛ","СЕМ_ПОЛОЖЕНИЕ","ЛАБОРАТОРИЯ_ИД","ТЕЛЕФОН","СПЕЦИАЛЬНОСТЬ_ИД","ОКЛАД","ДЕНЬ_РОЖДЕНИЯ","АДРЕС") VALUES ('10001','10001','Ефремов','Иван','Иванович','М','0','157','123456','111','11173180','1963-10-25',NULL);
INSERT INTO S_СЛУЖАЩИЕ ("ИД","ТАБЕЛЬНЫЙ_НОМЕР","ФАМИЛИЯ","ИМЯ","ОТЧЕСТВО","ПОЛ","СЕМ_ПОЛОЖЕНИЕ","ЛАБОРАТОРИЯ_ИД","ТЕЛЕФОН","СПЕЦИАЛЬНОСТЬ_ИД","ОКЛАД","ДЕНЬ_РОЖДЕНИЯ","АДРЕС") VALUES ('10002','10002','Мирный','Иван','Иванович','М','1','160','654321','111','16759780','1932-12-07',NULL);
INSERT INTO S_СЛУЖАЩИЕ ("ИД","ТАБЕЛЬНЫЙ_НОМЕР","ФАМИЛИЯ","ИМЯ","ОТЧЕСТВО","ПОЛ","СЕМ_ПОЛОЖЕНИЕ","ЛАБОРАТОРИЯ_ИД","ТЕЛЕФОН","СПЕЦИАЛЬНОСТЬ_ИД","ОКЛАД","ДЕНЬ_РОЖДЕНИЯ","АДРЕС") VALUES ('10003','10003','Собачникова','Светлана','Ивановна','Ж','0','3','654123','111','15502800','1960-12-20',NULL);
INSERT INTO S_СЛУЖАЩИЕ ("ИД","ТАБЕЛЬНЫЙ_НОМЕР","ФАМИЛИЯ","ИМЯ","ОТЧЕСТВО","ПОЛ","СЕМ_ПОЛОЖЕНИЕ","ЛАБОРАТОРИЯ_ИД","ТЕЛЕФОН","СПЕЦИАЛЬНОСТЬ_ИД","ОКЛАД","ДЕНЬ_РОЖДЕНИЯ","АДРЕС") VALUES ('10004','10004','Васечкин','Иван','Иванович','М','0','159','333334','100','5027940','1980-12-07',NULL);
INSERT INTO S_СЛУЖАЩИЕ ("ИД","ТАБЕЛЬНЫЙ_НОМЕР","ФАМИЛИЯ","ИМЯ","ОТЧЕСТВО","ПОЛ","СЕМ_ПОЛОЖЕНИЕ","ЛАБОРАТОРИЯ_ИД","ТЕЛЕФОН","СПЕЦИАЛЬНОСТЬ_ИД","ОКЛАД","ДЕНЬ_РОЖДЕНИЯ","АДРЕС") VALUES ('10005','10005','Перышкина','Светлана','Ивановна','Ж','1','160','235416','111','27932960','1957-03-14',NULL);
INSERT INTO S_СЛУЖАЩИЕ ("ИД","ТАБЕЛЬНЫЙ_НОМЕР","ФАМИЛИЯ","ИМЯ","ОТЧЕСТВО","ПОЛ","СЕМ_ПОЛОЖЕНИЕ","ЛАБОРАТОРИЯ_ИД","ТЕЛЕФОН","СПЕЦИАЛЬНОСТЬ_ИД","ОКЛАД","ДЕНЬ_РОЖДЕНИЯ","АДРЕС") VALUES ('10006','10006','Кустова','Светлана','Ивановна','Ж','1','157','235044','5','6983240','1970-03-10',NULL);
INSERT INTO S_СЛУЖАЩИЕ ("ИД","ТАБЕЛЬНЫЙ_НОМЕР","ФАМИЛИЯ","ИМЯ","ОТЧЕСТВО","ПОЛ","СЕМ_ПОЛОЖЕНИЕ","ЛАБОРАТОРИЯ_ИД","ТЕЛЕФОН","СПЕЦИАЛЬНОСТЬ_ИД","ОКЛАД","ДЕНЬ_РОЖДЕНИЯ","АДРЕС") VALUES ('10007','10007','Фитяскиан','Иван','Иванович','М','1','100','142410','5','6145260','1977-10-02',NULL);
INSERT INTO S_СЛУЖАЩИЕ ("ИД","ТАБЕЛЬНЫЙ_НОМЕР","ФАМИЛИЯ","ИМЯ","ОТЧЕСТВО","ПОЛ","СЕМ_ПОЛОЖЕНИЕ","ЛАБОРАТОРИЯ_ИД","ТЕЛЕФОН","СПЕЦИАЛЬНОСТЬ_ИД","ОКЛАД","ДЕНЬ_РОЖДЕНИЯ","АДРЕС") VALUES ('10008','10008','Макаров','Иван','Иванович','М','1','159',NULL,'112','8100560','1978-10-24',NULL);
INSERT INTO S_СЛУЖАЩИЕ ("ИД","ТАБЕЛЬНЫЙ_НОМЕР","ФАМИЛИЯ","ИМЯ","ОТЧЕСТВО","ПОЛ","СЕМ_ПОЛОЖЕНИЕ","ЛАБОРАТОРИЯ_ИД","ТЕЛЕФОН","СПЕЦИАЛЬНОСТЬ_ИД","ОКЛАД","ДЕНЬ_РОЖДЕНИЯ","АДРЕС") VALUES ('12200','12200','Фадин','Иван','Иванович','М','1','5','141465','3','5586600','1979-12-07',NULL);
INSERT INTO S_СЛУЖАЩИЕ ("ИД","ТАБЕЛЬНЫЙ_НОМЕР","ФАМИЛИЯ","ИМЯ","ОТЧЕСТВО","ПОЛ","СЕМ_ПОЛОЖЕНИЕ","ЛАБОРАТОРИЯ_ИД","ТЕЛЕФОН","СПЕЦИАЛЬНОСТЬ_ИД","ОКЛАД","ДЕНЬ_РОЖДЕНИЯ","АДРЕС") VALUES ('12300','12300','Гришкова','Светлана','Ивановна','Ж','1','5','121255','3','5307260','1978-03-20',NULL);
INSERT INTO S_СЛУЖАЩИЕ ("ИД","ТАБЕЛЬНЫЙ_НОМЕР","ФАМИЛИЯ","ИМЯ","ОТЧЕСТВО","ПОЛ","СЕМ_ПОЛОЖЕНИЕ","ЛАБОРАТОРИЯ_ИД","ТЕЛЕФОН","СПЕЦИАЛЬНОСТЬ_ИД","ОКЛАД","ДЕНЬ_РОЖДЕНИЯ","АДРЕС") VALUES ('12301','12301','Магнатова','Светлана','Ивановна','Ж','1','5',NULL,'3','6983240','1967-10-14',NULL);
INSERT INTO S_СЛУЖАЩИЕ ("ИД","ТАБЕЛЬНЫЙ_НОМЕР","ФАМИЛИЯ","ИМЯ","ОТЧЕСТВО","ПОЛ","СЕМ_ПОЛОЖЕНИЕ","ЛАБОРАТОРИЯ_ИД","ТЕЛЕФОН","СПЕЦИАЛЬНОСТЬ_ИД","ОКЛАД","ДЕНЬ_РОЖДЕНИЯ","АДРЕС") VALUES ('12345','12345','Абрамов','Иван','Иванович','М','1','5','312902','6','10474860','1974-12-07',NULL);
INSERT INTO S_СЛУЖАЩИЕ ("ИД","ТАБЕЛЬНЫЙ_НОМЕР","ФАМИЛИЯ","ИМЯ","ОТЧЕСТВО","ПОЛ","СЕМ_ПОЛОЖЕНИЕ","ЛАБОРАТОРИЯ_ИД","ТЕЛЕФОН","СПЕЦИАЛЬНОСТЬ_ИД","ОКЛАД","ДЕНЬ_РОЖДЕНИЯ","АДРЕС") VALUES ('12400','12400','Гуц','Иван','Иванович','М','0','1',NULL,'3','5446920','1970-06-20',NULL);
INSERT INTO S_СЛУЖАЩИЕ ("ИД","ТАБЕЛЬНЫЙ_НОМЕР","ФАМИЛИЯ","ИМЯ","ОТЧЕСТВО","ПОЛ","СЕМ_ПОЛОЖЕНИЕ","ЛАБОРАТОРИЯ_ИД","ТЕЛЕФОН","СПЕЦИАЛЬНОСТЬ_ИД","ОКЛАД","ДЕНЬ_РОЖДЕНИЯ","АДРЕС") VALUES ('12500','12500','Бурицкая','Иван','Иванович','М','1','159','131554','120','6424580','1965-06-10',NULL);
INSERT INTO S_СЛУЖАЩИЕ ("ИД","ТАБЕЛЬНЫЙ_НОМЕР","ФАМИЛИЯ","ИМЯ","ОТЧЕСТВО","ПОЛ","СЕМ_ПОЛОЖЕНИЕ","ЛАБОРАТОРИЯ_ИД","ТЕЛЕФОН","СПЕЦИАЛЬНОСТЬ_ИД","ОКЛАД","ДЕНЬ_РОЖДЕНИЯ","АДРЕС") VALUES ('12501','12501','Седельникова','Светлана','Ивановна','Ж','1','130','132456','100','3770940','1980-07-09',NULL);
INSERT INTO S_СЛУЖАЩИЕ ("ИД","ТАБЕЛЬНЫЙ_НОМЕР","ФАМИЛИЯ","ИМЯ","ОТЧЕСТВО","ПОЛ","СЕМ_ПОЛОЖЕНИЕ","ЛАБОРАТОРИЯ_ИД","ТЕЛЕФОН","СПЕЦИАЛЬНОСТЬ_ИД","ОКЛАД","ДЕНЬ_РОЖДЕНИЯ","АДРЕС") VALUES ('12502','12502','Парфенова','Светлана','Ивановна','Ж','1','130','235678','5','12569840','1972-01-29',NULL);
INSERT INTO S_СЛУЖАЩИЕ ("ИД","ТАБЕЛЬНЫЙ_НОМЕР","ФАМИЛИЯ","ИМЯ","ОТЧЕСТВО","ПОЛ","СЕМ_ПОЛОЖЕНИЕ","ЛАБОРАТОРИЯ_ИД","ТЕЛЕФОН","СПЕЦИАЛЬНОСТЬ_ИД","ОКЛАД","ДЕНЬ_РОЖДЕНИЯ","АДРЕС") VALUES ('20001','20001','Пахотин','Иван','Иванович','М','1','157','312191','111','6145260','1961-11-15',NULL);
INSERT INTO S_СЛУЖАЩИЕ ("ИД","ТАБЕЛЬНЫЙ_НОМЕР","ФАМИЛИЯ","ИМЯ","ОТЧЕСТВО","ПОЛ","СЕМ_ПОЛОЖЕНИЕ","ЛАБОРАТОРИЯ_ИД","ТЕЛЕФОН","СПЕЦИАЛЬНОСТЬ_ИД","ОКЛАД","ДЕНЬ_РОЖДЕНИЯ","АДРЕС") VALUES ('20002','20002','Соловьев','Иван','Иванович','М','1','100','234544','5','6983240','1960-10-12',NULL);
INSERT INTO S_СЛУЖАЩИЕ ("ИД","ТАБЕЛЬНЫЙ_НОМЕР","ФАМИЛИЯ","ИМЯ","ОТЧЕСТВО","ПОЛ","СЕМ_ПОЛОЖЕНИЕ","ЛАБОРАТОРИЯ_ИД","ТЕЛЕФОН","СПЕЦИАЛЬНОСТЬ_ИД","ОКЛАД","ДЕНЬ_РОЖДЕНИЯ","АДРЕС") VALUES ('20003','20003','Печкин','Иван','Иванович','М','1','157',NULL,'5','5586600','1962-06-20',NULL);
INSERT INTO S_СЛУЖАЩИЕ ("ИД","ТАБЕЛЬНЫЙ_НОМЕР","ФАМИЛИЯ","ИМЯ","ОТЧЕСТВО","ПОЛ","СЕМ_ПОЛОЖЕНИЕ","ЛАБОРАТОРИЯ_ИД","ТЕЛЕФОН","СПЕЦИАЛЬНОСТЬ_ИД","ОКЛАД","ДЕНЬ_РОЖДЕНИЯ","АДРЕС") VALUES ('20005','20005','Васьковская','Иван','Иванович','М','1','100','222222','100','5307260','1984-11-06',NULL);
INSERT INTO S_СЛУЖАЩИЕ ("ИД","ТАБЕЛЬНЫЙ_НОМЕР","ФАМИЛИЯ","ИМЯ","ОТЧЕСТВО","ПОЛ","СЕМ_ПОЛОЖЕНИЕ","ЛАБОРАТОРИЯ_ИД","ТЕЛЕФОН","СПЕЦИАЛЬНОСТЬ_ИД","ОКЛАД","ДЕНЬ_РОЖДЕНИЯ","АДРЕС") VALUES ('20006','20006','Корнилов','Иван','Иванович','М','1','100','777777','100','4748600','1985-09-26',NULL);
INSERT INTO S_СЛУЖАЩИЕ ("ИД","ТАБЕЛЬНЫЙ_НОМЕР","ФАМИЛИЯ","ИМЯ","ОТЧЕСТВО","ПОЛ","СЕМ_ПОЛОЖЕНИЕ","ЛАБОРАТОРИЯ_ИД","ТЕЛЕФОН","СПЕЦИАЛЬНОСТЬ_ИД","ОКЛАД","ДЕНЬ_РОЖДЕНИЯ","АДРЕС") VALUES ('20007','20007','Тюрин','Иван','Иванович','М','1','100','649041','100','4748600','1968-10-14',NULL);
INSERT INTO S_СЛУЖАЩИЕ ("ИД","ТАБЕЛЬНЫЙ_НОМЕР","ФАМИЛИЯ","ИМЯ","ОТЧЕСТВО","ПОЛ","СЕМ_ПОЛОЖЕНИЕ","ЛАБОРАТОРИЯ_ИД","ТЕЛЕФОН","СПЕЦИАЛЬНОСТЬ_ИД","ОКЛАД","ДЕНЬ_РОЖДЕНИЯ","АДРЕС") VALUES ('21300','21300','Никишкина','Светлана','Ивановна','Ж','1','5',NULL,'3','7262560','1970-12-26',NULL);
INSERT INTO S_СЛУЖАЩИЕ ("ИД","ТАБЕЛЬНЫЙ_НОМЕР","ФАМИЛИЯ","ИМЯ","ОТЧЕСТВО","ПОЛ","СЕМ_ПОЛОЖЕНИЕ","ЛАБОРАТОРИЯ_ИД","ТЕЛЕФОН","СПЕЦИАЛЬНОСТЬ_ИД","ОКЛАД","ДЕНЬ_РОЖДЕНИЯ","АДРЕС") VALUES ('21500','21500','Боярский','Иван','Иванович','М','1','5',NULL,'3','5865920','1955-11-17',NULL);
INSERT INTO S_СЛУЖАЩИЕ ("ИД","ТАБЕЛЬНЫЙ_НОМЕР","ФАМИЛИЯ","ИМЯ","ОТЧЕСТВО","ПОЛ","СЕМ_ПОЛОЖЕНИЕ","ЛАБОРАТОРИЯ_ИД","ТЕЛЕФОН","СПЕЦИАЛЬНОСТЬ_ИД","ОКЛАД","ДЕНЬ_РОЖДЕНИЯ","АДРЕС") VALUES ('25500','25500','Фигурнов','Иван','Иванович','М','1','3',NULL,'2','3072620','1967-12-14',NULL);
INSERT INTO S_СЛУЖАЩИЕ ("ИД","ТАБЕЛЬНЫЙ_НОМЕР","ФАМИЛИЯ","ИМЯ","ОТЧЕСТВО","ПОЛ","СЕМ_ПОЛОЖЕНИЕ","ЛАБОРАТОРИЯ_ИД","ТЕЛЕФОН","СПЕЦИАЛЬНОСТЬ_ИД","ОКЛАД","ДЕНЬ_РОЖДЕНИЯ","АДРЕС") VALUES ('30002','30002','Муравьева','Светлана','Ивановна','Ж','1','159','345678','100','6983240','1972-12-07',NULL);
INSERT INTO S_СЛУЖАЩИЕ ("ИД","ТАБЕЛЬНЫЙ_НОМЕР","ФАМИЛИЯ","ИМЯ","ОТЧЕСТВО","ПОЛ","СЕМ_ПОЛОЖЕНИЕ","ЛАБОРАТОРИЯ_ИД","ТЕЛЕФОН","СПЕЦИАЛЬНОСТЬ_ИД","ОКЛАД","ДЕНЬ_РОЖДЕНИЯ","АДРЕС") VALUES ('30003','30003','Лабузова','Светлана','Ивановна','Ж','1','159','222222','100','5167600','1976-12-07',NULL);
INSERT INTO S_СЛУЖАЩИЕ ("ИД","ТАБЕЛЬНЫЙ_НОМЕР","ФАМИЛИЯ","ИМЯ","ОТЧЕСТВО","ПОЛ","СЕМ_ПОЛОЖЕНИЕ","ЛАБОРАТОРИЯ_ИД","ТЕЛЕФОН","СПЕЦИАЛЬНОСТЬ_ИД","ОКЛАД","ДЕНЬ_РОЖДЕНИЯ","АДРЕС") VALUES ('30001','30001','Нортон','Иван','Иванович','М','1','159','333333','111','7541900','1976-10-15',NULL);

INSERT INTO S_СПЕЦИАЛЬНОСТИ ("ИД","НАИМЕНОВАНИЕ","ДАТА_ОТКРЫТИЯ","ДАТА_ЗАКРЫТИЯ") VALUES ('345','программист','1906-10-05','1915-06-01');
INSERT INTO S_СПЕЦИАЛЬНОСТИ ("ИД","НАИМЕНОВАНИЕ","ДАТА_ОТКРЫТИЯ","ДАТА_ЗАКРЫТИЯ") VALUES ('452','системотехник','1906-10-05',NULL);
INSERT INTO S_СПЕЦИАЛЬНОСТИ ("ИД","НАИМЕНОВАНИЕ","ДАТА_ОТКРЫТИЯ","ДАТА_ЗАКРЫТИЯ") VALUES ('111','физик','1906-10-05',NULL);
INSERT INTO S_СПЕЦИАЛЬНОСТИ ("ИД","НАИМЕНОВАНИЕ","ДАТА_ОТКРЫТИЯ","ДАТА_ЗАКРЫТИЯ") VALUES ('121','механик','1906-10-05',NULL);
INSERT INTO S_СПЕЦИАЛЬНОСТИ ("ИД","НАИМЕНОВАНИЕ","ДАТА_ОТКРЫТИЯ","ДАТА_ЗАКРЫТИЯ") VALUES ('310','геолог','1906-10-05',NULL);
INSERT INTO S_СПЕЦИАЛЬНОСТИ ("ИД","НАИМЕНОВАНИЕ","ДАТА_ОТКРЫТИЯ","ДАТА_ЗАКРЫТИЯ") VALUES ('98','коммерсант','1906-10-05',NULL);
INSERT INTO S_СПЕЦИАЛЬНОСТИ ("ИД","НАИМЕНОВАНИЕ","ДАТА_ОТКРЫТИЯ","ДАТА_ЗАКРЫТИЯ") VALUES ('666','эксперт','1906-10-05',NULL);
INSERT INTO S_СПЕЦИАЛЬНОСТИ ("ИД","НАИМЕНОВАНИЕ","ДАТА_ОТКРЫТИЯ","ДАТА_ЗАКРЫТИЯ") VALUES ('6','технолог','1906-10-05','1920-10-05');
INSERT INTO S_СПЕЦИАЛЬНОСТИ ("ИД","НАИМЕНОВАНИЕ","ДАТА_ОТКРЫТИЯ","ДАТА_ЗАКРЫТИЯ") VALUES ('7','нормировщик','1906-10-05',NULL);
INSERT INTO S_СПЕЦИАЛЬНОСТИ ("ИД","НАИМЕНОВАНИЕ","ДАТА_ОТКРЫТИЯ","ДАТА_ЗАКРЫТИЯ") VALUES ('100','лаборант','1906-10-05',NULL);
INSERT INTO S_СПЕЦИАЛЬНОСТИ ("ИД","НАИМЕНОВАНИЕ","ДАТА_ОТКРЫТИЯ","ДАТА_ЗАКРЫТИЯ") VALUES ('102','оператор ЭВМ','1906-10-05',NULL);
INSERT INTO S_СПЕЦИАЛЬНОСТИ ("ИД","НАИМЕНОВАНИЕ","ДАТА_ОТКРЫТИЯ","ДАТА_ЗАКРЫТИЯ") VALUES ('101','электромеханик','1906-10-05',NULL);
INSERT INTO S_СПЕЦИАЛЬНОСТИ ("ИД","НАИМЕНОВАНИЕ","ДАТА_ОТКРЫТИЯ","ДАТА_ЗАКРЫТИЯ") VALUES ('5','зав. лабораторией','1906-10-05',NULL);
INSERT INTO S_СПЕЦИАЛЬНОСТИ ("ИД","НАИМЕНОВАНИЕ","ДАТА_ОТКРЫТИЯ","ДАТА_ЗАКРЫТИЯ") VALUES ('8','сист. аналитик','1906-10-05',NULL);
INSERT INTO S_СПЕЦИАЛЬНОСТИ ("ИД","НАИМЕНОВАНИЕ","ДАТА_ОТКРЫТИЯ","ДАТА_ЗАКРЫТИЯ") VALUES ('450','инж. по НОТ','1906-10-05',NULL);
INSERT INTO S_СПЕЦИАЛЬНОСТИ ("ИД","НАИМЕНОВАНИЕ","ДАТА_ОТКРЫТИЯ","ДАТА_ЗАКРЫТИЯ") VALUES ('80','инспектор','1906-10-05',NULL);
INSERT INTO S_СПЕЦИАЛЬНОСТИ ("ИД","НАИМЕНОВАНИЕ","ДАТА_ОТКРЫТИЯ","ДАТА_ЗАКРЫТИЯ") VALUES ('125','методист','1906-10-05',NULL);
INSERT INTO S_СПЕЦИАЛЬНОСТИ ("ИД","НАИМЕНОВАНИЕ","ДАТА_ОТКРЫТИЯ","ДАТА_ЗАКРЫТИЯ") VALUES ('320','техн. директор','1906-10-05',NULL);
INSERT INTO S_СПЕЦИАЛЬНОСТИ ("ИД","НАИМЕНОВАНИЕ","ДАТА_ОТКРЫТИЯ","ДАТА_ЗАКРЫТИЯ") VALUES ('3','инж.-математик','1906-10-05','1918-01-01');
INSERT INTO S_СПЕЦИАЛЬНОСТИ ("ИД","НАИМЕНОВАНИЕ","ДАТА_ОТКРЫТИЯ","ДАТА_ЗАКРЫТИЯ") VALUES ('112','химик-органик','1906-10-05',NULL);
INSERT INTO S_СПЕЦИАЛЬНОСТИ ("ИД","НАИМЕНОВАНИЕ","ДАТА_ОТКРЫТИЯ","ДАТА_ЗАКРЫТИЯ") VALUES ('120','историк','1906-10-05',NULL);
INSERT INTO S_СПЕЦИАЛЬНОСТИ ("ИД","НАИМЕНОВАНИЕ","ДАТА_ОТКРЫТИЯ","ДАТА_ЗАКРЫТИЯ") VALUES ('2','контрразведчик','1906-10-05',NULL);

INSERT INTO S_ДЕТИ_СОТРУДНИКОВ ("СЛУЖАЩИЙ_ИД","ФАМИЛИЯ","ИМЯ","ОТЧЕСТВО","ДЕНЬ_РОЖДЕНИЯ") VALUES ('10','Дайнеко','Иван','Иванович','1900-05-18');
INSERT INTO S_ДЕТИ_СОТРУДНИКОВ ("СЛУЖАЩИЙ_ИД","ФАМИЛИЯ","ИМЯ","ОТЧЕСТВО","ДЕНЬ_РОЖДЕНИЯ") VALUES ('100','Гумилев','Иван','Иванович','1902-10-16');
INSERT INTO S_ДЕТИ_СОТРУДНИКОВ ("СЛУЖАЩИЙ_ИД","ФАМИЛИЯ","ИМЯ","ОТЧЕСТВО","ДЕНЬ_РОЖДЕНИЯ") VALUES ('110','Пикуль','Иван','Иванович','1903-12-17');
INSERT INTO S_ДЕТИ_СОТРУДНИКОВ ("СЛУЖАЩИЙ_ИД","ФАМИЛИЯ","ИМЯ","ОТЧЕСТВО","ДЕНЬ_РОЖДЕНИЯ") VALUES ('120','Луннев','Иван','Иванович','1904-08-04');
INSERT INTO S_ДЕТИ_СОТРУДНИКОВ ("СЛУЖАЩИЙ_ИД","ФАМИЛИЯ","ИМЯ","ОТЧЕСТВО","ДЕНЬ_РОЖДЕНИЯ") VALUES ('10001','Ефремов','Иван','Иванович','1910-11-04');
INSERT INTO S_ДЕТИ_СОТРУДНИКОВ ("СЛУЖАЩИЙ_ИД","ФАМИЛИЯ","ИМЯ","ОТЧЕСТВО","ДЕНЬ_РОЖДЕНИЯ") VALUES ('10002','Мирный','Иван','Иванович','1918-12-16');
INSERT INTO S_ДЕТИ_СОТРУДНИКОВ ("СЛУЖАЩИЙ_ИД","ФАМИЛИЯ","ИМЯ","ОТЧЕСТВО","ДЕНЬ_РОЖДЕНИЯ") VALUES ('10003','Собачникова','Светлана','Ивановна','1915-12-30');
INSERT INTO S_ДЕТИ_СОТРУДНИКОВ ("СЛУЖАЩИЙ_ИД","ФАМИЛИЯ","ИМЯ","ОТЧЕСТВО","ДЕНЬ_РОЖДЕНИЯ") VALUES ('10004','Васечкин','Иван','Иванович','1909-12-17');
INSERT INTO S_ДЕТИ_СОТРУДНИКОВ ("СЛУЖАЩИЙ_ИД","ФАМИЛИЯ","ИМЯ","ОТЧЕСТВО","ДЕНЬ_РОЖДЕНИЯ") VALUES ('10005','Перышкина','Светлана','Ивановна','1910-03-24');
INSERT INTO S_ДЕТИ_СОТРУДНИКОВ ("СЛУЖАЩИЙ_ИД","ФАМИЛИЯ","ИМЯ","ОТЧЕСТВО","ДЕНЬ_РОЖДЕНИЯ") VALUES ('10006','Кустова','Светлана','Ивановна','1916-03-20');
INSERT INTO S_ДЕТИ_СОТРУДНИКОВ ("СЛУЖАЩИЙ_ИД","ФАМИЛИЯ","ИМЯ","ОТЧЕСТВО","ДЕНЬ_РОЖДЕНИЯ") VALUES ('10007','Фитяскиан','Иван','Иванович','1903-10-12');
INSERT INTO S_ДЕТИ_СОТРУДНИКОВ ("СЛУЖАЩИЙ_ИД","ФАМИЛИЯ","ИМЯ","ОТЧЕСТВО","ДЕНЬ_РОЖДЕНИЯ") VALUES ('10008','Макаров','Иван','Иванович','1908-11-03');
INSERT INTO S_ДЕТИ_СОТРУДНИКОВ ("СЛУЖАЩИЙ_ИД","ФАМИЛИЯ","ИМЯ","ОТЧЕСТВО","ДЕНЬ_РОЖДЕНИЯ") VALUES ('12200','Фадин','Иван','Иванович','1990-12-17');
INSERT INTO S_ДЕТИ_СОТРУДНИКОВ ("СЛУЖАЩИЙ_ИД","ФАМИЛИЯ","ИМЯ","ОТЧЕСТВО","ДЕНЬ_РОЖДЕНИЯ") VALUES ('12300','Гришкова','Светлана','Ивановна','1999-03-30');
INSERT INTO S_ДЕТИ_СОТРУДНИКОВ ("СЛУЖАЩИЙ_ИД","ФАМИЛИЯ","ИМЯ","ОТЧЕСТВО","ДЕНЬ_РОЖДЕНИЯ") VALUES ('12301','Магнатова','Светлана','Ивановна','1901-10-24');
INSERT INTO S_ДЕТИ_СОТРУДНИКОВ ("СЛУЖАЩИЙ_ИД","ФАМИЛИЯ","ИМЯ","ОТЧЕСТВО","ДЕНЬ_РОЖДЕНИЯ") VALUES ('12400','Гуц','Иван','Иванович','1918-06-30');
INSERT INTO S_ДЕТИ_СОТРУДНИКОВ ("СЛУЖАЩИЙ_ИД","ФАМИЛИЯ","ИМЯ","ОТЧЕСТВО","ДЕНЬ_РОЖДЕНИЯ") VALUES ('12500','Бурицкая','Иван','Иванович','1914-06-20');
INSERT INTO S_ДЕТИ_СОТРУДНИКОВ ("СЛУЖАЩИЙ_ИД","ФАМИЛИЯ","ИМЯ","ОТЧЕСТВО","ДЕНЬ_РОЖДЕНИЯ") VALUES ('12501','Седельникова','Светлана','Ивановна','1913-07-19');
INSERT INTO S_ДЕТИ_СОТРУДНИКОВ ("СЛУЖАЩИЙ_ИД","ФАМИЛИЯ","ИМЯ","ОТЧЕСТВО","ДЕНЬ_РОЖДЕНИЯ") VALUES ('12502','Парфенова','Светлана','Ивановна','1909-02-08');

INSERT INTO S_ПРЕМИИ (СЛУЖАЩИЙ_ИД, РАЗМЕР, НОМЕР_ПРИКАЗА, ДАТА_ПРИКАЗА)
VALUES (1, 2355, '6784/у', '2012-02-12');
INSERT INTO S_ПРЕМИИ (СЛУЖАЩИЙ_ИД, РАЗМЕР, НОМЕР_ПРИКАЗА, ДАТА_ПРИКАЗА)
VALUES (10, 1500, '0405/к', '2015-10-05');
INSERT INTO S_ПРЕМИИ (СЛУЖАЩИЙ_ИД, РАЗМЕР, НОМЕР_ПРИКАЗА, ДАТА_ПРИКАЗА)
VALUES (1, 3500, '3812/и', '2014-11-23');
INSERT INTO S_ПРЕМИИ (СЛУЖАЩИЙ_ИД, РАЗМЕР, НОМЕР_ПРИКАЗА, ДАТА_ПРИКАЗА)
VALUES (2, 5600, '1125/л', '2015-04-08');
INSERT INTO S_ПРЕМИИ (СЛУЖАЩИЙ_ИД, РАЗМЕР, НОМЕР_ПРИКАЗА, ДАТА_ПРИКАЗА)
VALUES (3, 1400, '3520/у', '2018-12-11');
INSERT INTO S_ПРЕМИИ (СЛУЖАЩИЙ_ИД, РАЗМЕР, НОМЕР_ПРИКАЗА, ДАТА_ПРИКАЗА)
VALUES (3, 5000, '0087/а', '2017-02-05');
INSERT INTO S_ПРЕМИИ (СЛУЖАЩИЙ_ИД, РАЗМЕР, НОМЕР_ПРИКАЗА, ДАТА_ПРИКАЗА)
VALUES (3, 1800, '1206/г', '2017-05-24');
INSERT INTO S_ПРЕМИИ (СЛУЖАЩИЙ_ИД, РАЗМЕР, НОМЕР_ПРИКАЗА, ДАТА_ПРИКАЗА)
VALUES (1, 1000, '0566/л', '2017-01-12');
INSERT INTO S_ПРЕМИИ (СЛУЖАЩИЙ_ИД, РАЗМЕР, НОМЕР_ПРИКАЗА, ДАТА_ПРИКАЗА)
VALUES (1, 3500, '6678/о', '2017-02-03');
INSERT INTO S_ПРЕМИИ (СЛУЖАЩИЙ_ИД, РАЗМЕР, НОМЕР_ПРИКАЗА, ДАТА_ПРИКАЗА)
VALUES (1, 1000, '2234/л', '2015-06-25');
INSERT INTO S_ПРЕМИИ (СЛУЖАЩИЙ_ИД, РАЗМЕР, НОМЕР_ПРИКАЗА, ДАТА_ПРИКАЗА)
VALUES (21, 1234, '123/56', '2015-08-09');
INSERT INTO S_ПРЕМИИ (СЛУЖАЩИЙ_ИД, РАЗМЕР, НОМЕР_ПРИКАЗА, ДАТА_ПРИКАЗА)
VALUES (22, 1450, '145/67', '2015-05-23');
INSERT INTO S_ПРЕМИИ (СЛУЖАЩИЙ_ИД, РАЗМЕР, НОМЕР_ПРИКАЗА, ДАТА_ПРИКАЗА)
VALUES (23, 5000, '34/67', '2016-06-04');
INSERT INTO S_ПРЕМИИ (СЛУЖАЩИЙ_ИД, РАЗМЕР, НОМЕР_ПРИКАЗА, ДАТА_ПРИКАЗА)
VALUES (26, 4500, '45/65', '2016-04-03');
INSERT INTO S_ПРЕМИИ (СЛУЖАЩИЙ_ИД, РАЗМЕР, НОМЕР_ПРИКАЗА, ДАТА_ПРИКАЗА)
VALUES (29, 3450, '45/67', '2016-06-05');
INSERT INTO S_ПРЕМИИ (СЛУЖАЩИЙ_ИД, РАЗМЕР, НОМЕР_ПРИКАЗА, ДАТА_ПРИКАЗА)
VALUES (789, 1230, '45/90', '2018-09-13');
INSERT INTO S_ПРЕМИИ (СЛУЖАЩИЙ_ИД, РАЗМЕР, НОМЕР_ПРИКАЗА, ДАТА_ПРИКАЗА)
VALUES (1, 1250, '67/54', '2014-06-05');
INSERT INTO S_ПРЕМИИ (СЛУЖАЩИЙ_ИД, РАЗМЕР, НОМЕР_ПРИКАЗА, ДАТА_ПРИКАЗА)
VALUES (3, 4500, '34/23', '2013-07-06');
INSERT INTO S_ПРЕМИИ (СЛУЖАЩИЙ_ИД, РАЗМЕР, НОМЕР_ПРИКАЗА, ДАТА_ПРИКАЗА)
VALUES (789, 1500, '35/45', '2018-07-08');
INSERT INTO S_ПРЕМИИ (СЛУЖАЩИЙ_ИД, РАЗМЕР, НОМЕР_ПРИКАЗА, ДАТА_ПРИКАЗА)
VALUES (350, 4000, '78/87', '2019-06-26');
INSERT INTO S_ПРЕМИИ (СЛУЖАЩИЙ_ИД, РАЗМЕР, НОМЕР_ПРИКАЗА, ДАТА_ПРИКАЗА)
VALUES (35, 2000, '67/87', '2019-12-08');
INSERT INTO S_ПРЕМИИ (СЛУЖАЩИЙ_ИД, РАЗМЕР, НОМЕР_ПРИКАЗА, ДАТА_ПРИКАЗА)
VALUES (82, 1200, '165/t', '2018-02-08');
INSERT INTO S_ПРЕМИИ (СЛУЖАЩИЙ_ИД, РАЗМЕР, НОМЕР_ПРИКАЗА, ДАТА_ПРИКАЗА)
VALUES (82, 5000, '325/h', '2017-05-01');
INSERT INTO S_ПРЕМИИ (СЛУЖАЩИЙ_ИД, РАЗМЕР, НОМЕР_ПРИКАЗА, ДАТА_ПРИКАЗА)
VALUES (82, 1500, '521/b', '2016-10-07');
INSERT INTO S_ПРЕМИИ (СЛУЖАЩИЙ_ИД, РАЗМЕР, НОМЕР_ПРИКАЗА, ДАТА_ПРИКАЗА)
VALUES (82, 1550, '120/g', '2019-12-15');
INSERT INTO S_ПРЕМИИ (СЛУЖАЩИЙ_ИД, РАЗМЕР, НОМЕР_ПРИКАЗА, ДАТА_ПРИКАЗА)
VALUES (82, 2500, '145/h', '2019-04-05');
INSERT INTO S_ПРЕМИИ (СЛУЖАЩИЙ_ИД, РАЗМЕР, НОМЕР_ПРИКАЗА, ДАТА_ПРИКАЗА)
VALUES (82, 5050, '185/j', '2019-08-25');
INSERT INTO S_ПРЕМИИ (СЛУЖАЩИЙ_ИД, РАЗМЕР, НОМЕР_ПРИКАЗА, ДАТА_ПРИКАЗА)
VALUES (82, 9000, '341/j', '2012-12-28');
INSERT INTO S_ПРЕМИИ (СЛУЖАЩИЙ_ИД, РАЗМЕР, НОМЕР_ПРИКАЗА, ДАТА_ПРИКАЗА)
VALUES (82, 1500, '432/h', '2013-05-15');
INSERT INTO S_ПРЕМИИ (СЛУЖАЩИЙ_ИД, РАЗМЕР, НОМЕР_ПРИКАЗА, ДАТА_ПРИКАЗА)
VALUES (82, 1500, '123/n', '2013-10-25');
INSERT INTO S_ПРЕМИИ (СЛУЖАЩИЙ_ИД, РАЗМЕР, НОМЕР_ПРИКАЗА, ДАТА_ПРИКАЗА)
VALUES (82, 5000, '393/o', '2014-12-10');
INSERT INTO S_ПРЕМИИ (СЛУЖАЩИЙ_ИД, РАЗМЕР, НОМЕР_ПРИКАЗА, ДАТА_ПРИКАЗА)
VALUES (82, 1365, '452/l', '2017-10-15');
INSERT INTO S_ПРЕМИИ (СЛУЖАЩИЙ_ИД, РАЗМЕР, НОМЕР_ПРИКАЗА, ДАТА_ПРИКАЗА)
VALUES (84, 1500, '685/p', '2017-10-10');
INSERT INTO S_ПРЕМИИ (СЛУЖАЩИЙ_ИД, РАЗМЕР, НОМЕР_ПРИКАЗА, ДАТА_ПРИКАЗА)
VALUES (84, 5450, '785/g', '2019-06-15');
INSERT INTO S_ПРЕМИИ (СЛУЖАЩИЙ_ИД, РАЗМЕР, НОМЕР_ПРИКАЗА, ДАТА_ПРИКАЗА)
VALUES (85, 3500, '453/j', '2019-06-04');
INSERT INTO S_ПРЕМИИ (СЛУЖАЩИЙ_ИД, РАЗМЕР, НОМЕР_ПРИКАЗА, ДАТА_ПРИКАЗА)
VALUES (85, 1550, '674/f', '2019-04-07');
INSERT INTO S_ПРЕМИИ (СЛУЖАЩИЙ_ИД, РАЗМЕР, НОМЕР_ПРИКАЗА, ДАТА_ПРИКАЗА)
VALUES (87, 5000, '123/j', '2014-06-05');
INSERT INTO S_ПРЕМИИ (СЛУЖАЩИЙ_ИД, РАЗМЕР, НОМЕР_ПРИКАЗА, ДАТА_ПРИКАЗА)
VALUES (87, 3550, '597/f', '2016-10-15');
INSERT INTO S_ПРЕМИИ (СЛУЖАЩИЙ_ИД, РАЗМЕР, НОМЕР_ПРИКАЗА, ДАТА_ПРИКАЗА)
VALUES (87, 1500, '403/s', '2017-12-18');
INSERT INTO S_ПРЕМИИ (СЛУЖАЩИЙ_ИД, РАЗМЕР, НОМЕР_ПРИКАЗА, ДАТА_ПРИКАЗА)
VALUES (87, 4509.85, '253/l', '2017-12-20');
INSERT INTO S_ПРЕМИИ (СЛУЖАЩИЙ_ИД, РАЗМЕР, НОМЕР_ПРИКАЗА, ДАТА_ПРИКАЗА)
VALUES (89, 1100, '143/k', '2018-07-05');
INSERT INTO S_ПРЕМИИ (СЛУЖАЩИЙ_ИД, РАЗМЕР, НОМЕР_ПРИКАЗА, ДАТА_ПРИКАЗА)
VALUES (46, 1200, '135/k', '2014-05-05');
INSERT INTO S_ПРЕМИИ (СЛУЖАЩИЙ_ИД, РАЗМЕР, НОМЕР_ПРИКАЗА, ДАТА_ПРИКАЗА)
VALUES (47, 1150, '120/f', '2015-02-01');
INSERT INTO S_ПРЕМИИ (СЛУЖАЩИЙ_ИД, РАЗМЕР, НОМЕР_ПРИКАЗА, ДАТА_ПРИКАЗА)
VALUES (45, 1250, '115/k', '2018-02-02');
INSERT INTO S_ПРЕМИИ (СЛУЖАЩИЙ_ИД, РАЗМЕР, НОМЕР_ПРИКАЗА, ДАТА_ПРИКАЗА)
VALUES (43, 1000, '113/g', '2019-02-01');
INSERT INTO S_ПРЕМИИ (СЛУЖАЩИЙ_ИД, РАЗМЕР, НОМЕР_ПРИКАЗА, ДАТА_ПРИКАЗА)
VALUES (47, 1200, '112/f', '2010-02-01');
INSERT INTO S_ПРЕМИИ (СЛУЖАЩИЙ_ИД, РАЗМЕР, НОМЕР_ПРИКАЗА, ДАТА_ПРИКАЗА)
VALUES (54, 1000, '112/f', '2011-02-01');
INSERT INTO S_ПРЕМИИ (СЛУЖАЩИЙ_ИД, РАЗМЕР, НОМЕР_ПРИКАЗА, ДАТА_ПРИКАЗА)
VALUES (47, 3900, '114/f', '2012-07-03');
INSERT INTO S_ПРЕМИИ (СЛУЖАЩИЙ_ИД, РАЗМЕР, НОМЕР_ПРИКАЗА, ДАТА_ПРИКАЗА)
VALUES (89, 2000, '240/e', '2014-08-05');
INSERT INTO S_ПРЕМИИ (СЛУЖАЩИЙ_ИД, РАЗМЕР, НОМЕР_ПРИКАЗА, ДАТА_ПРИКАЗА)
VALUES (120, 2400, '23/g', '2016-05-12');
INSERT INTO S_ПРЕМИИ (СЛУЖАЩИЙ_ИД, РАЗМЕР, НОМЕР_ПРИКАЗА, ДАТА_ПРИКАЗА)
VALUES (550, 2500, '46/f', '2014-08-15');
INSERT INTO S_ПРЕМИИ (СЛУЖАЩИЙ_ИД, РАЗМЕР, НОМЕР_ПРИКАЗА, ДАТА_ПРИКАЗА)
VALUES (60, 1200, '114/k', '2011-07-03');
INSERT INTO S_ПРЕМИИ (СЛУЖАЩИЙ_ИД, РАЗМЕР, НОМЕР_ПРИКАЗА, ДАТА_ПРИКАЗА)
VALUES (61, 3000, '34/g', '2012-06-04');
INSERT INTO S_ПРЕМИИ (СЛУЖАЩИЙ_ИД, РАЗМЕР, НОМЕР_ПРИКАЗА, ДАТА_ПРИКАЗА)
VALUES (61, 1200, '35/k', '2013-06-04');
INSERT INTO S_ПРЕМИИ (СЛУЖАЩИЙ_ИД, РАЗМЕР, НОМЕР_ПРИКАЗА, ДАТА_ПРИКАЗА)
VALUES (60, 1500, '23/k', '2019-04-03');
INSERT INTO S_ПРЕМИИ (СЛУЖАЩИЙ_ИД, РАЗМЕР, НОМЕР_ПРИКАЗА, ДАТА_ПРИКАЗА)
VALUES (54, 2500, '12/l', '2016-05-03');
INSERT INTO S_ПРЕМИИ (СЛУЖАЩИЙ_ИД, РАЗМЕР, НОМЕР_ПРИКАЗА, ДАТА_ПРИКАЗА)
VALUES (1, 500, '565675/6', '2018-10-09');
INSERT INTO S_ПРЕМИИ (СЛУЖАЩИЙ_ИД, РАЗМЕР, НОМЕР_ПРИКАЗА, ДАТА_ПРИКАЗА)
VALUES (123, 25000, '124', '2017-01-23');
INSERT INTO S_ПРЕМИИ (СЛУЖАЩИЙ_ИД, РАЗМЕР, НОМЕР_ПРИКАЗА, ДАТА_ПРИКАЗА)
VALUES (120, 43500, '124', '2016-07-23');
INSERT INTO S_ПРЕМИИ (СЛУЖАЩИЙ_ИД, РАЗМЕР, НОМЕР_ПРИКАЗА, ДАТА_ПРИКАЗА)
VALUES (110, 23000,'127', '2014-07-14');
INSERT INTO S_ПРЕМИИ (СЛУЖАЩИЙ_ИД, РАЗМЕР, НОМЕР_ПРИКАЗА, ДАТА_ПРИКАЗА)
VALUES (254, 32000, '126', '2013-07-15');
INSERT INTO S_ПРЕМИИ (СЛУЖАЩИЙ_ИД, РАЗМЕР, НОМЕР_ПРИКАЗА, ДАТА_ПРИКАЗА)
VALUES (770, 3500, '129', '2012-08-09');
INSERT INTO S_ПРЕМИИ (СЛУЖАЩИЙ_ИД, РАЗМЕР, НОМЕР_ПРИКАЗА, ДАТА_ПРИКАЗА)
VALUES (54, 3700, '130', '2012-05-07');
INSERT INTO S_ПРЕМИИ (СЛУЖАЩИЙ_ИД, РАЗМЕР, НОМЕР_ПРИКАЗА, ДАТА_ПРИКАЗА)
VALUES (57, 4200.75, '131', '2012-05-16');
INSERT INTO S_ПРЕМИИ (СЛУЖАЩИЙ_ИД, РАЗМЕР, НОМЕР_ПРИКАЗА, ДАТА_ПРИКАЗА)
VALUES (123, 3240, '12/05/88', '2012-01-12');
INSERT INTO S_ПРЕМИИ (СЛУЖАЩИЙ_ИД, РАЗМЕР, НОМЕР_ПРИКАЗА, ДАТА_ПРИКАЗА)
VALUES (876, 1230, '234', '2012-11-25');
INSERT INTO S_ПРЕМИИ (СЛУЖАЩИЙ_ИД, РАЗМЕР, НОМЕР_ПРИКАЗА, ДАТА_ПРИКАЗА)
VALUES (456, 8900, '45567', '2014-12-14');
INSERT INTO S_ПРЕМИИ (СЛУЖАЩИЙ_ИД, РАЗМЕР, НОМЕР_ПРИКАЗА, ДАТА_ПРИКАЗА)
VALUES (345, 5670, '6789', '2018-11-11');
INSERT INTO S_ПРЕМИИ (СЛУЖАЩИЙ_ИД, РАЗМЕР, НОМЕР_ПРИКАЗА, ДАТА_ПРИКАЗА)
VALUES (567, 8900, '1234', '2016-12-23');
INSERT INTO S_ПРЕМИИ (СЛУЖАЩИЙ_ИД, РАЗМЕР, НОМЕР_ПРИКАЗА, ДАТА_ПРИКАЗА)
VALUES (999, 1100, '2509', '2015-09-25');
INSERT INTO S_ПРЕМИИ (СЛУЖАЩИЙ_ИД, РАЗМЕР, НОМЕР_ПРИКАЗА, ДАТА_ПРИКАЗА)
VALUES (888, 3450, '876', '2014-01-01');
INSERT INTO S_ПРЕМИИ (СЛУЖАЩИЙ_ИД, РАЗМЕР, НОМЕР_ПРИКАЗА, ДАТА_ПРИКАЗА)
VALUES (77, 4320, '123', '2016-12-25');
INSERT INTO S_ПРЕМИИ (СЛУЖАЩИЙ_ИД, РАЗМЕР, НОМЕР_ПРИКАЗА, ДАТА_ПРИКАЗА)
VALUES (345, 250, '789', '2018-12-30');
INSERT INTO S_ПРЕМИИ (СЛУЖАЩИЙ_ИД, РАЗМЕР, НОМЕР_ПРИКАЗА, ДАТА_ПРИКАЗА)
VALUES (110, 7000, '!@#55789', '2019-09-09');
INSERT INTO S_ПРЕМИИ (СЛУЖАЩИЙ_ИД, РАЗМЕР, НОМЕР_ПРИКАЗА, ДАТА_ПРИКАЗА)
VALUES (220, 3300, '345&*()*', '2019-08-08');
INSERT INTO S_ПРЕМИИ (СЛУЖАЩИЙ_ИД, РАЗМЕР, НОМЕР_ПРИКАЗА, ДАТА_ПРИКАЗА)
VALUES (330, 490844, '#$$**9%@', '2014-07-07');
INSERT INTO S_ПРЕМИИ (СЛУЖАЩИЙ_ИД, РАЗМЕР, НОМЕР_ПРИКАЗА, ДАТА_ПРИКАЗА)
VALUES (440, 123499, '**$$##@@', '2015-06-06');
INSERT INTO S_ПРЕМИИ (СЛУЖАЩИЙ_ИД, РАЗМЕР, НОМЕР_ПРИКАЗА, ДАТА_ПРИКАЗА)
VALUES (440, 5500, '$$$$$$$$', '2012-09-08');
INSERT INTO S_ПРЕМИИ (СЛУЖАЩИЙ_ИД, РАЗМЕР, НОМЕР_ПРИКАЗА, ДАТА_ПРИКАЗА)
VALUES (550, 7890, '!!!!!!!!', '2010-11-11');
INSERT INTO S_ПРЕМИИ (СЛУЖАЩИЙ_ИД, РАЗМЕР, НОМЕР_ПРИКАЗА, ДАТА_ПРИКАЗА)
VALUES (660, 7899, '********', '2012-12-12');
INSERT INTO S_ПРЕМИИ (СЛУЖАЩИЙ_ИД, РАЗМЕР, НОМЕР_ПРИКАЗА, ДАТА_ПРИКАЗА)
VALUES (770, 7700, '@@@@@@@@', '2014-09-07');
INSERT INTO S_ПРЕМИИ (СЛУЖАЩИЙ_ИД, РАЗМЕР, НОМЕР_ПРИКАЗА, ДАТА_ПРИКАЗА)
VALUES (880, 0, 'перестр.', '2015-03-04');
INSERT INTO S_ПРЕМИИ (СЛУЖАЩИЙ_ИД, РАЗМЕР, НОМЕР_ПРИКАЗА, ДАТА_ПРИКАЗА)
VALUES (990, 999999, '########', '2015-02-01');
INSERT INTO S_ПРЕМИИ (СЛУЖАЩИЙ_ИД, РАЗМЕР, НОМЕР_ПРИКАЗА, ДАТА_ПРИКАЗА)
VALUES (110, 999999, '99977777', '2015-05-01');
INSERT INTO S_ПРЕМИИ (СЛУЖАЩИЙ_ИД, РАЗМЕР, НОМЕР_ПРИКАЗА, ДАТА_ПРИКАЗА)
VALUES (40, 12300, '125/164', '2019-10-12');
INSERT INTO S_ПРЕМИИ (СЛУЖАЩИЙ_ИД, РАЗМЕР, НОМЕР_ПРИКАЗА, ДАТА_ПРИКАЗА)
VALUES (40, 12355, '123/164', '2018-10-12');
INSERT INTO S_ПРЕМИИ (СЛУЖАЩИЙ_ИД, РАЗМЕР, НОМЕР_ПРИКАЗА, ДАТА_ПРИКАЗА)
VALUES (50, 30050, '123/164', '2017-10-12');
INSERT INTO S_ПРЕМИИ (СЛУЖАЩИЙ_ИД, РАЗМЕР, НОМЕР_ПРИКАЗА, ДАТА_ПРИКАЗА)
VALUES (60, 30025, '123/164', '2016-10-12');
INSERT INTO S_ПРЕМИИ (СЛУЖАЩИЙ_ИД, РАЗМЕР, НОМЕР_ПРИКАЗА, ДАТА_ПРИКАЗА)
VALUES (54, 30075.5, '128/164', '2012-10-12');
INSERT INTO S_ПРЕМИИ (СЛУЖАЩИЙ_ИД, РАЗМЕР, НОМЕР_ПРИКАЗА, ДАТА_ПРИКАЗА)
VALUES (50, 3000, '128/164', '2014-10-12');
INSERT INTO S_ПРЕМИИ (СЛУЖАЩИЙ_ИД, РАЗМЕР, НОМЕР_ПРИКАЗА, ДАТА_ПРИКАЗА)
VALUES (55, 10025, '128/164', '2012-10-12');
INSERT INTO S_ПРЕМИИ (СЛУЖАЩИЙ_ИД, РАЗМЕР, НОМЕР_ПРИКАЗА, ДАТА_ПРИКАЗА)
VALUES (888, 68005, '66666/н', '2019-08-06');
INSERT INTO S_ПРЕМИИ (СЛУЖАЩИЙ_ИД, РАЗМЕР, НОМЕР_ПРИКАЗА, ДАТА_ПРИКАЗА)
VALUES (12500, 1200, '546/010', '2018-07-29');
INSERT INTO S_ПРЕМИИ (СЛУЖАЩИЙ_ИД, РАЗМЕР, НОМЕР_ПРИКАЗА, ДАТА_ПРИКАЗА)
VALUES (12501, 5075, '546/010', '2015-07-29');
INSERT INTO S_ПРЕМИИ (СЛУЖАЩИЙ_ИД, РАЗМЕР, НОМЕР_ПРИКАЗА, ДАТА_ПРИКАЗА)
VALUES (12502, 3755, '546/010', '2009-07-29');
INSERT INTO S_ПРЕМИИ (СЛУЖАЩИЙ_ИД, РАЗМЕР, НОМЕР_ПРИКАЗА, ДАТА_ПРИКАЗА)
VALUES (12501, 2505, '547/011', '2009-08-10');
INSERT INTO S_ПРЕМИИ (СЛУЖАЩИЙ_ИД, РАЗМЕР, НОМЕР_ПРИКАЗА, ДАТА_ПРИКАЗА)
VALUES (12501, 4002, '600/012', '2008-07-15');
INSERT INTO S_ПРЕМИИ (СЛУЖАЩИЙ_ИД, РАЗМЕР, НОМЕР_ПРИКАЗА, ДАТА_ПРИКАЗА)
VALUES (12500, 2308, '545/008', '2008-05-15');
INSERT INTO S_ПРЕМИИ (СЛУЖАЩИЙ_ИД, РАЗМЕР, НОМЕР_ПРИКАЗА, ДАТА_ПРИКАЗА)
VALUES (12501, 1005, '606/015', '2008-08-20');
INSERT INTO S_ПРЕМИИ (СЛУЖАЩИЙ_ИД, РАЗМЕР, НОМЕР_ПРИКАЗА, ДАТА_ПРИКАЗА)
VALUES (12502, 1307, '607/016', '2009-09-13');
INSERT INTO S_ПРЕМИИ (СЛУЖАЩИЙ_ИД, РАЗМЕР, НОМЕР_ПРИКАЗА, ДАТА_ПРИКАЗА)
VALUES (12502, 1255, '606/015', '2009-08-20');
INSERT INTO S_ПРЕМИИ (СЛУЖАЩИЙ_ИД, РАЗМЕР, НОМЕР_ПРИКАЗА, ДАТА_ПРИКАЗА)
VALUES (12500, 5605, '670/011', '2007-07-15');
INSERT INTO S_ПРЕМИИ (СЛУЖАЩИЙ_ИД, РАЗМЕР, НОМЕР_ПРИКАЗА, ДАТА_ПРИКАЗА)
VALUES (12501, 400, '670/011', '2007-07-15');
INSERT INTO S_ПРЕМИИ (СЛУЖАЩИЙ_ИД, РАЗМЕР, НОМЕР_ПРИКАЗА, ДАТА_ПРИКАЗА)
VALUES (1, 1111.11, '33333333', '2008-12-12');
INSERT INTO S_ПРЕМИИ (СЛУЖАЩИЙ_ИД, РАЗМЕР, НОМЕР_ПРИКАЗА, ДАТА_ПРИКАЗА)
VALUES (2, 5555.55, '11999/u', '2010-12-12');
INSERT INTO S_ПРЕМИИ (СЛУЖАЩИЙ_ИД, РАЗМЕР, НОМЕР_ПРИКАЗА, ДАТА_ПРИКАЗА)
VALUES (4, 1222.22, '01', '2010-12-12');
INSERT INTO S_ПРЕМИИ (СЛУЖАЩИЙ_ИД, РАЗМЕР, НОМЕР_ПРИКАЗА, ДАТА_ПРИКАЗА)
VALUES (5, .55, '12', '2012-12-12');
INSERT INTO S_ПРЕМИИ (СЛУЖАЩИЙ_ИД, РАЗМЕР, НОМЕР_ПРИКАЗА, ДАТА_ПРИКАЗА)
VALUES (1, 2300, '56', '2012-12-12');
INSERT INTO S_ПРЕМИИ (СЛУЖАЩИЙ_ИД, РАЗМЕР, НОМЕР_ПРИКАЗА, ДАТА_ПРИКАЗА)
VALUES (5, 444, '45', '2012-12-12');
INSERT INTO S_ПРЕМИИ (СЛУЖАЩИЙ_ИД, РАЗМЕР, НОМЕР_ПРИКАЗА, ДАТА_ПРИКАЗА)
VALUES (2, 333, '23', '2010-12-12');
INSERT INTO S_ПРЕМИИ (СЛУЖАЩИЙ_ИД, РАЗМЕР, НОМЕР_ПРИКАЗА, ДАТА_ПРИКАЗА)
VALUES (7, 500, '45', '2012-12-12');
INSERT INTO S_ПРЕМИИ (СЛУЖАЩИЙ_ИД, РАЗМЕР, НОМЕР_ПРИКАЗА, ДАТА_ПРИКАЗА)
VALUES (5, 999, '8', '2012-12-12');
INSERT INTO S_ПРЕМИИ (СЛУЖАЩИЙ_ИД, РАЗМЕР, НОМЕР_ПРИКАЗА, ДАТА_ПРИКАЗА)
VALUES (6, 545, '4', '2014-12-12');
INSERT INTO S_ПРЕМИИ (СЛУЖАЩИЙ_ИД, РАЗМЕР, НОМЕР_ПРИКАЗА, ДАТА_ПРИКАЗА)
VALUES (7, 115, '04', '2014-12-12');
INSERT INTO S_ПРЕМИИ (СЛУЖАЩИЙ_ИД, РАЗМЕР, НОМЕР_ПРИКАЗА, ДАТА_ПРИКАЗА)
VALUES (7, 444, '4', '2015-12-12');
INSERT INTO S_ПРЕМИИ (СЛУЖАЩИЙ_ИД, РАЗМЕР, НОМЕР_ПРИКАЗА, ДАТА_ПРИКАЗА)
VALUES (5, .5, '4', '2016-12-12');
INSERT INTO S_ПРЕМИИ (СЛУЖАЩИЙ_ИД, РАЗМЕР, НОМЕР_ПРИКАЗА, ДАТА_ПРИКАЗА)
VALUES (1, 555, '4', '2014-12-12');
INSERT INTO S_ПРЕМИИ (СЛУЖАЩИЙ_ИД, РАЗМЕР, НОМЕР_ПРИКАЗА, ДАТА_ПРИКАЗА)
VALUES (1, 200, '12', '2012-10-12');
INSERT INTO S_ПРЕМИИ (СЛУЖАЩИЙ_ИД, РАЗМЕР, НОМЕР_ПРИКАЗА, ДАТА_ПРИКАЗА)
VALUES (2, 100, '12', '2011-10-12');
INSERT INTO S_ПРЕМИИ (СЛУЖАЩИЙ_ИД, РАЗМЕР, НОМЕР_ПРИКАЗА, ДАТА_ПРИКАЗА)
VALUES (3, 150, '15', '2015-10-15');
INSERT INTO S_ПРЕМИИ (СЛУЖАЩИЙ_ИД, РАЗМЕР, НОМЕР_ПРИКАЗА, ДАТА_ПРИКАЗА)
VALUES (4, 300, '15', '2019-10-25');
INSERT INTO S_ПРЕМИИ (СЛУЖАЩИЙ_ИД, РАЗМЕР, НОМЕР_ПРИКАЗА, ДАТА_ПРИКАЗА)
VALUES (6, 250, '25', '2017-10-25');
INSERT INTO S_ПРЕМИИ (СЛУЖАЩИЙ_ИД, РАЗМЕР, НОМЕР_ПРИКАЗА, ДАТА_ПРИКАЗА)
VALUES (1, 400.5, '125', '2019-10-20');
INSERT INTO S_ПРЕМИИ (СЛУЖАЩИЙ_ИД, РАЗМЕР, НОМЕР_ПРИКАЗА, ДАТА_ПРИКАЗА)
VALUES (5, 200, '125', '2018-10-20');
INSERT INTO S_ПРЕМИИ (СЛУЖАЩИЙ_ИД, РАЗМЕР, НОМЕР_ПРИКАЗА, ДАТА_ПРИКАЗА)
VALUES (5, 100, '25', '2014-05-12');
INSERT INTO S_ПРЕМИИ (СЛУЖАЩИЙ_ИД, РАЗМЕР, НОМЕР_ПРИКАЗА, ДАТА_ПРИКАЗА)
VALUES (4, 280, '28', '2015-05-10');
INSERT INTO S_ПРЕМИИ (СЛУЖАЩИЙ_ИД, РАЗМЕР, НОМЕР_ПРИКАЗА, ДАТА_ПРИКАЗА)
VALUES (3, 200, '28', '2015-10-10');
INSERT INTO S_ПРЕМИИ (СЛУЖАЩИЙ_ИД, РАЗМЕР, НОМЕР_ПРИКАЗА, ДАТА_ПРИКАЗА)
VALUES (3, 125, '12', '2019-10-12');
INSERT INTO S_ПРЕМИИ (СЛУЖАЩИЙ_ИД, РАЗМЕР, НОМЕР_ПРИКАЗА, ДАТА_ПРИКАЗА)
VALUES (5, 120, '24', '2016-11-20');
INSERT INTO S_ПРЕМИИ (СЛУЖАЩИЙ_ИД, РАЗМЕР, НОМЕР_ПРИКАЗА, ДАТА_ПРИКАЗА)
VALUES (5, 115, '28', '2014-05-14');
INSERT INTO S_ПРЕМИИ (СЛУЖАЩИЙ_ИД, РАЗМЕР, НОМЕР_ПРИКАЗА, ДАТА_ПРИКАЗА)
VALUES (5, 525, '15', '2015-03-20');
INSERT INTO S_ПРЕМИИ (СЛУЖАЩИЙ_ИД, РАЗМЕР, НОМЕР_ПРИКАЗА, ДАТА_ПРИКАЗА)
VALUES (4, 520, '20', '2018-02-21');
INSERT INTO S_ПРЕМИИ (СЛУЖАЩИЙ_ИД, РАЗМЕР, НОМЕР_ПРИКАЗА, ДАТА_ПРИКАЗА)
VALUES (3, 255, '21', '2017-03-21');
INSERT INTO S_ПРЕМИИ (СЛУЖАЩИЙ_ИД, РАЗМЕР, НОМЕР_ПРИКАЗА, ДАТА_ПРИКАЗА)
VALUES (3, 120, '20', '2019-02-21');
INSERT INTO S_ПРЕМИИ (СЛУЖАЩИЙ_ИД, РАЗМЕР, НОМЕР_ПРИКАЗА, ДАТА_ПРИКАЗА)
VALUES (2, 720, '25', '2019-04-20');
INSERT INTO S_ПРЕМИИ (СЛУЖАЩИЙ_ИД, РАЗМЕР, НОМЕР_ПРИКАЗА, ДАТА_ПРИКАЗА)
VALUES (1, 1010, '10', '2015-05-05');
INSERT INTO S_ПРЕМИИ (СЛУЖАЩИЙ_ИД, РАЗМЕР, НОМЕР_ПРИКАЗА, ДАТА_ПРИКАЗА)
VALUES (3, 254, '25', '2014-03-24');
INSERT INTO S_ПРЕМИИ (СЛУЖАЩИЙ_ИД, РАЗМЕР, НОМЕР_ПРИКАЗА, ДАТА_ПРИКАЗА)
VALUES (4, 100, '21', '2012-04-23');
INSERT INTO S_ПРЕМИИ (СЛУЖАЩИЙ_ИД, РАЗМЕР, НОМЕР_ПРИКАЗА, ДАТА_ПРИКАЗА)
VALUES (5, 200, '22', '2013-10-25');
INSERT INTO S_ПРЕМИИ (СЛУЖАЩИЙ_ИД, РАЗМЕР, НОМЕР_ПРИКАЗА, ДАТА_ПРИКАЗА)
VALUES (6, 200, '55', '2014-10-10');
INSERT INTO S_ПРЕМИИ (СЛУЖАЩИЙ_ИД, РАЗМЕР, НОМЕР_ПРИКАЗА, ДАТА_ПРИКАЗА)
VALUES (4, 200, '55', '2019-10-10');
INSERT INTO S_ПРЕМИИ (СЛУЖАЩИЙ_ИД, РАЗМЕР, НОМЕР_ПРИКАЗА, ДАТА_ПРИКАЗА)
VALUES (5, 3200.25, '18/К', '2019-10-23');
INSERT INTO S_ПРЕМИИ (СЛУЖАЩИЙ_ИД, РАЗМЕР, НОМЕР_ПРИКАЗА, ДАТА_ПРИКАЗА)
VALUES (2, 600.1, '18/К', '2013-10-23');
INSERT INTO S_ПРЕМИИ (СЛУЖАЩИЙ_ИД, РАЗМЕР, НОМЕР_ПРИКАЗА, ДАТА_ПРИКАЗА)
VALUES (1, 3200, '18/К', '2013-10-23');
INSERT INTO S_ПРЕМИИ (СЛУЖАЩИЙ_ИД, РАЗМЕР, НОМЕР_ПРИКАЗА, ДАТА_ПРИКАЗА)
VALUES (6, 1550.5, '18/К', '2017-10-23');
INSERT INTO S_ПРЕМИИ (СЛУЖАЩИЙ_ИД, РАЗМЕР, НОМЕР_ПРИКАЗА, ДАТА_ПРИКАЗА)
VALUES (2, 2300, '5/К', '2017-02-12');
INSERT INTO S_ПРЕМИИ (СЛУЖАЩИЙ_ИД, РАЗМЕР, НОМЕР_ПРИКАЗА, ДАТА_ПРИКАЗА)
VALUES (2, 4500, '21/К', '2015-11-25');
INSERT INTO S_ПРЕМИИ (СЛУЖАЩИЙ_ИД, РАЗМЕР, НОМЕР_ПРИКАЗА, ДАТА_ПРИКАЗА)
VALUES (6, 3200, '16/К', '2014-06-04');
INSERT INTO S_ПРЕМИИ (СЛУЖАЩИЙ_ИД, РАЗМЕР, НОМЕР_ПРИКАЗА, ДАТА_ПРИКАЗА)
VALUES (4, 8900, '8/К', '2011-04-13');
INSERT INTO S_ПРЕМИИ (СЛУЖАЩИЙ_ИД, РАЗМЕР, НОМЕР_ПРИКАЗА, ДАТА_ПРИКАЗА)
VALUES (2, 4350, '12/К', '2011-03-23');
INSERT INTO S_ПРЕМИИ (СЛУЖАЩИЙ_ИД, РАЗМЕР, НОМЕР_ПРИКАЗА, ДАТА_ПРИКАЗА)
VALUES (1, 2300, '24/К', '2014-12-24');
INSERT INTO S_ПРЕМИИ (СЛУЖАЩИЙ_ИД, РАЗМЕР, НОМЕР_ПРИКАЗА, ДАТА_ПРИКАЗА)
VALUES (2, 2550, '134/К/С', '2017-08-23');
INSERT INTO S_ПРЕМИИ (СЛУЖАЩИЙ_ИД, РАЗМЕР, НОМЕР_ПРИКАЗА, ДАТА_ПРИКАЗА)
VALUES (4, 5600, '15/К', '2015-05-30');
INSERT INTO S_ПРЕМИИ (СЛУЖАЩИЙ_ИД, РАЗМЕР, НОМЕР_ПРИКАЗА, ДАТА_ПРИКАЗА)
VALUES (3, 7850, '12/К', '2018-05-22');
INSERT INTO S_ПРЕМИИ (СЛУЖАЩИЙ_ИД, РАЗМЕР, НОМЕР_ПРИКАЗА, ДАТА_ПРИКАЗА)
VALUES (5, 8950, '11/К', '2017-07-16');


ALTER TABLE S_ДЕТИ_СОТРУДНИКОВ ADD CONSTRAINT FK_ДЕТИ_СОТРУДНИКОВ
    FOREIGN KEY (СЛУЖАЩИЙ_ИД) REFERENCES S_СЛУЖАЩИЕ (ИД);

ALTER TABLE S_ПРЕМИИ ADD CONSTRAINT FK_ПРЕМИИ FOREIGN KEY
    (СЛУЖАЩИЙ_ИД) REFERENCES S_СЛУЖАЩИЕ (ИД);
ALTER TABLE S_СЛУЖАЩИЕ ADD CONSTRAINT FK_ЛАБОРАТОРИЯ_ИД FOREIGN
    KEY (ЛАБОРАТОРИЯ_ИД) REFERENCES S_ЛАБОРАТОРИИ (ИД);
ALTER TABLE S_СЛУЖАЩИЕ ADD CONSTRAINT FK_СПЕЦИАЛЬНОСТЬ_ИД
    FOREIGN KEY (СПЕЦИАЛЬНОСТЬ_ИД) REFERENCES S_СПЕЦИАЛЬНОСТИ (ИД);

ALTER TABLE S_ЛАБОРАТОРИИ ADD CONSTRAINT FK_РУКОВОДИТЕЛЬ_ИД
    FOREIGN KEY (РУКОВОДИТЕЛЬ_ИД) REFERENCES S_СЛУЖАЩИЕ (ИД);
